run,seed,round,n_labeled,pearson_delta,frac_opposite_direction_top20_non_dropout,mse_non_dropout,mse_top20_de_non_dropout,pearson_delta_top20_de_non_dropout,mse_4_non_dropout,mse_4_top20_de_non_dropout,method,source
1,1,0,100,0.1046870179935801,0.4354166666666666,0.0108870035037398,0.1165552735328674,0.1641974090374226,0.0025489125265109,0.0891350343047937,paper,GEARS_100_5_100_256_1_rt_simple_loss_v2_ess_1k_fix_eval_priormean_new_max_run1_Core-Set_diff_effect_metrics.csv
1,1,1,200,0.250943998070829,0.3940104166666667,0.0094102574512362,0.0953925475478172,0.3122170074400345,0.0016828877625424,0.0590812988765719,paper,GEARS_100_5_100_256_1_rt_simple_loss_v2_ess_1k_fix_eval_priormean_new_max_run1_Core-Set_diff_effect_metrics.csv
1,1,2,300,0.2590858000799021,0.3804687500000001,0.0090127158910036,0.0914509519934654,0.3255954592866596,0.0016198939783595,0.0556579337794876,paper,GEARS_100_5_100_256_1_rt_simple_loss_v2_ess_1k_fix_eval_priormean_new_max_run1_Core-Set_diff_effect_metrics.csv
1,1,3,400,0.2672205447175775,0.3559895833333333,0.0088639138266444,0.0850591287016868,0.3516060495831716,0.00148736689962,0.0500802093218074,paper,GEARS_100_5_100_256_1_rt_simple_loss_v2_ess_1k_fix_eval_priormean_new_max_run1_Core-Set_diff_effect_metrics.csv
1,1,4,500,0.2719507313612346,0.3447916666666666,0.0086724953725934,0.0858534574508667,0.3387313928348451,0.0014640462528125,0.0499803399672297,paper,GEARS_100_5_100_256_1_rt_simple_loss_v2_ess_1k_fix_eval_priormean_new_max_run1_Core-Set_diff_effect_metrics.csv
1,1,5,600,0.2850330809695465,0.3411458333333333,0.008357785642147,0.0833313539624214,0.356759079083492,0.0013626496665868,0.0465522504448623,paper,GEARS_100_5_100_256_1_rt_simple_loss_v2_ess_1k_fix_eval_priormean_new_max_run1_Core-Set_diff_effect_metrics.csv
2,1,0,100,0.1106937296329094,,,,,,,paper,GEARS_100_5_100_256_1_rt_simple_loss_v2_ess_1k_fix_eval_priormean_new_max_run2_Core-Set_diff_effect_metrics.csv
2,1,1,200,0.2436895090743624,,,,,,,paper,GEARS_100_5_100_256_1_rt_simple_loss_v2_ess_1k_fix_eval_priormean_new_max_run2_Core-Set_diff_effect_metrics.csv
2,1,2,300,0.2774809388198668,,,,,,,paper,GEARS_100_5_100_256_1_rt_simple_loss_v2_ess_1k_fix_eval_priormean_new_max_run2_Core-Set_diff_effect_metrics.csv
2,1,3,400,0.2932253540272341,,,,,,,paper,GEARS_100_5_100_256_1_rt_simple_loss_v2_ess_1k_fix_eval_priormean_new_max_run2_Core-Set_diff_effect_metrics.csv
2,1,4,500,0.2560191484732944,,,,,,,paper,GEARS_100_5_100_256_1_rt_simple_loss_v2_ess_1k_fix_eval_priormean_new_max_run2_Core-Set_diff_effect_metrics.csv
2,1,5,600,0.3073434368238878,,,,,,,paper,GEARS_100_5_100_256_1_rt_simple_loss_v2_ess_1k_fix_eval_priormean_new_max_run2_Core-Set_diff_effect_metrics.csv
3,1,0,100,0.1115789726792262,,,,,,,paper,GEARS_100_5_100_256_1_rt_simple_loss_v2_ess_1k_fix_eval_priormean_new_max_run3_Core-Set_diff_effect_metrics.csv
3,1,1,200,0.2101186874993296,,,,,,,paper,GEARS_100_5_100_256_1_rt_simple_loss_v2_ess_1k_fix_eval_priormean_new_max_run3_Core-Set_diff_effect_metrics.csv
3,1,2,300,0.2576545117024995,,,,,,,paper,GEARS_100_5_100_256_1_rt_simple_loss_v2_ess_1k_fix_eval_priormean_new_max_run3_Core-Set_diff_effect_metrics.csv
3,1,3,400,0.2819498227497923,,,,,,,paper,GEARS_100_5_100_256_1_rt_simple_loss_v2_ess_1k_fix_eval_priormean_new_max_run3_Core-Set_diff_effect_metrics.csv
3,1,4,500,0.3004641334154201,,,,,,,paper,GEARS_100_5_100_256_1_rt_simple_loss_v2_ess_1k_fix_eval_priormean_new_max_run3_Core-Set_diff_effect_metrics.csv
3,1,5,600,0.2851588465403418,,,,,,,paper,GEARS_100_5_100_256_1_rt_simple_loss_v2_ess_1k_fix_eval_priormean_new_max_run3_Core-Set_diff_effect_metrics.csv
4,1,0,100,0.1128619837320116,,,,,,,paper,GEARS_100_5_100_256_1_rt_simple_loss_v2_ess_1k_fix_eval_priormean_new_max_run4_Core-Set_diff_effect_metrics.csv
4,1,1,200,0.2271500194314628,,,,,,,paper,GEARS_100_5_100_256_1_rt_simple_loss_v2_ess_1k_fix_eval_priormean_new_max_run4_Core-Set_diff_effect_metrics.csv
4,1,2,300,0.2446938121136877,,,,,,,paper,GEARS_100_5_100_256_1_rt_simple_loss_v2_ess_1k_fix_eval_priormean_new_max_run4_Core-Set_diff_effect_metrics.csv
4,1,3,400,0.256627433958872,,,,,,,paper,GEARS_100_5_100_256_1_rt_simple_loss_v2_ess_1k_fix_eval_priormean_new_max_run4_Core-Set_diff_effect_metrics.csv
4,1,4,500,0.2618476231773489,,,,,,,paper,GEARS_100_5_100_256_1_rt_simple_loss_v2_ess_1k_fix_eval_priormean_new_max_run4_Core-Set_diff_effect_metrics.csv
4,1,5,600,0.2684755059024121,,,,,,,paper,GEARS_100_5_100_256_1_rt_simple_loss_v2_ess_1k_fix_eval_priormean_new_max_run4_Core-Set_diff_effect_metrics.csv
5,1,0,100,0.1292032175561676,,,,,,,paper,GEARS_100_5_100_256_1_rt_simple_loss_v2_ess_1k_fix_eval_priormean_new_max_run5_Core-Set_diff_effect_metrics.csv
5,1,1,200,0.2755585588218638,,,,,,,paper,GEARS_100_5_100_256_1_rt_simple_loss_v2_ess_1k_fix_eval_priormean_new_max_run5_Core-Set_diff_effect_metrics.csv
5,1,2,300,0.2677290990874556,,,,,,,paper,GEARS_100_5_100_256_1_rt_simple_loss_v2_ess_1k_fix_eval_priormean_new_max_run5_Core-Set_diff_effect_metrics.csv
5,1,3,400,0.2889047769406684,,,,,,,paper,GEARS_100_5_100_256_1_rt_simple_loss_v2_ess_1k_fix_eval_priormean_new_max_run5_Core-Set_diff_effect_metrics.csv
5,1,4,500,0.2990464121497406,,,,,,,paper,GEARS_100_5_100_256_1_rt_simple_loss_v2_ess_1k_fix_eval_priormean_new_max_run5_Core-Set_diff_effect_metrics.csv
5,1,5,600,0.2956294460984451,,,,,,,paper,GEARS_100_5_100_256_1_rt_simple_loss_v2_ess_1k_fix_eval_priormean_new_max_run5_Core-Set_diff_effect_metrics.csv
1,1,0,100,0.1067043988488826,0.42578125,0.0108960503712296,0.1162939071655273,0.175955976032497,0.0025276940032587,0.088160130548537,fixed_0.5,GEARS_100_5_100_256_1_rt_simple_loss_v2_ess_1k_fix_eval_priormean_new_max_mw0.5_run1_Core-Set_diff_effect_metrics.csv
1,1,1,200,0.2323134613911483,0.3755208333333333,0.0095275361090898,0.1035656258463859,0.3116168263992957,0.002204562838034,0.0806560190068012,fixed_0.5,GEARS_100_5_100_256_1_rt_simple_loss_v2_ess_1k_fix_eval_priormean_new_max_mw0.5_run1_Core-Set_diff_effect_metrics.csv
1,1,2,300,0.274638947829511,0.3473958333333333,0.0094264345243573,0.0918489322066307,0.3926254929148543,0.0019625692760091,0.0646775570462523,fixed_0.5,GEARS_100_5_100_256_1_rt_simple_loss_v2_ess_1k_fix_eval_priormean_new_max_mw0.5_run1_Core-Set_diff_effect_metrics.csv
1,1,3,400,0.2594388868098026,0.3455729166666666,0.009115264751017,0.0939044132828712,0.3456409468831403,0.0018444116501608,0.0629804090740738,fixed_0.5,GEARS_100_5_100_256_1_rt_simple_loss_v2_ess_1k_fix_eval_priormean_new_max_mw0.5_run1_Core-Set_diff_effect_metrics.csv
1,1,4,500,0.2636782436327369,0.3257812499999999,0.0091116055846214,0.0910709872841835,0.3524493589384181,0.0018452267457784,0.0600912673767197,fixed_0.5,GEARS_100_5_100_256_1_rt_simple_loss_v2_ess_1k_fix_eval_priormean_new_max_mw0.5_run1_Core-Set_diff_effect_metrics.csv
1,1,5,600,0.2825151750691961,0.3260416666666666,0.0085542323067784,0.0865673646330833,0.3841285603721953,0.0016532104860574,0.0573184563135328,fixed_0.5,GEARS_100_5_100_256_1_rt_simple_loss_v2_ess_1k_fix_eval_priormean_new_max_mw0.5_run1_Core-Set_diff_effect_metrics.csv
2,1,0,100,0.113506750374191,0.4572916666666667,0.0103797717019915,0.1151935458183288,0.1648178388120642,0.0023476738087386,0.0860105944365386,fixed_0.5,GEARS_100_5_100_256_1_rt_simple_loss_v2_ess_1k_fix_eval_priormean_new_max_mw0.5_run2_Core-Set_diff_effect_metrics.csv
2,1,1,200,0.2218868395830713,0.3791666666666666,0.0099482275545597,0.0979349389672279,0.2815437761224575,0.0021547590598105,0.0720353270588627,fixed_0.5,GEARS_100_5_100_256_1_rt_simple_loss_v2_ess_1k_fix_eval_priormean_new_max_mw0.5_run2_Core-Set_diff_effect_metrics.csv
2,1,2,300,0.2750068077282738,0.3570312499999999,0.0090403715148568,0.0878481864929199,0.3503652881990924,0.0016312226970573,0.0544777281262213,fixed_0.5,GEARS_100_5_100_256_1_rt_simple_loss_v2_ess_1k_fix_eval_priormean_new_max_mw0.5_run2_Core-Set_diff_effect_metrics.csv
2,1,3,400,0.2722999405335511,0.3403645833333333,0.0090188374742865,0.0877648219466209,0.3526163299889828,0.0017033496045599,0.0566854093590639,fixed_0.5,GEARS_100_5_100_256_1_rt_simple_loss_v2_ess_1k_fix_eval_priormean_new_max_mw0.5_run2_Core-Set_diff_effect_metrics.csv
2,1,4,500,0.278159020879522,0.3236979166666666,0.0087273754179477,0.0893851742148399,0.3439339520192974,0.0016018778223127,0.0556399763328045,fixed_0.5,GEARS_100_5_100_256_1_rt_simple_loss_v2_ess_1k_fix_eval_priormean_new_max_mw0.5_run2_Core-Set_diff_effect_metrics.csv
2,1,5,600,0.2867698262347325,0.3234375,0.0083547150716185,0.0841914787888526,0.3610332675984224,0.0014334682953752,0.0495739776662352,fixed_0.5,GEARS_100_5_100_256_1_rt_simple_loss_v2_ess_1k_fix_eval_priormean_new_max_mw0.5_run2_Core-Set_diff_effect_metrics.csv
3,1,0,100,0.1088038602995381,0.4544270833333332,0.0107780946418643,0.116885669529438,0.1351542213076519,0.0024133914711807,0.0846241925563238,fixed_0.5,GEARS_100_5_100_256_1_rt_simple_loss_v2_ess_1k_fix_eval_priormean_new_max_mw0.5_run3_Core-Set_diff_effect_metrics.csv
3,1,1,200,0.2151259480524258,0.38203125,0.0097948564216494,0.0989409908652305,0.2766063971233766,0.0020446266998987,0.0718759375753506,fixed_0.5,GEARS_100_5_100_256_1_rt_simple_loss_v2_ess_1k_fix_eval_priormean_new_max_mw0.5_run3_Core-Set_diff_effect_metrics.csv
3,1,2,300,0.2187986011311842,0.3960937500000001,0.0094812680035829,0.0986274108290672,0.2623080625807771,0.0020375986248739,0.07116888512957,fixed_0.5,GEARS_100_5_100_256_1_rt_simple_loss_v2_ess_1k_fix_eval_priormean_new_max_mw0.5_run3_Core-Set_diff_effect_metrics.csv
3,1,3,400,0.2778890670787104,0.3372395833333333,0.0083586946129798,0.0867016687989234,0.3510647288740793,0.0014845781313342,0.0521021754265045,fixed_0.5,GEARS_100_5_100_256_1_rt_simple_loss_v2_ess_1k_fix_eval_priormean_new_max_mw0.5_run3_Core-Set_diff_effect_metrics.csv
3,1,4,500,0.282516412007318,0.3223958333333334,0.0086741698905825,0.0874638631939888,0.3713898217676295,0.001574409571549,0.0508911085370831,fixed_0.5,GEARS_100_5_100_256_1_rt_simple_loss_v2_ess_1k_fix_eval_priormean_new_max_mw0.5_run3_Core-Set_diff_effect_metrics.csv
3,1,5,600,0.276619490608355,0.3255208333333333,0.0084691978991031,0.084781713783741,0.373981873294595,0.001483470254956,0.0494929152143716,fixed_0.5,GEARS_100_5_100_256_1_rt_simple_loss_v2_ess_1k_fix_eval_priormean_new_max_mw0.5_run3_Core-Set_diff_effect_metrics.csv
4,1,0,100,0.1146534848525963,0.4205729166666667,0.0106235211715102,0.1139269769191742,0.1610242639798773,0.0023636379450957,0.0830838893652374,fixed_0.5,GEARS_100_5_100_256_1_rt_simple_loss_v2_ess_1k_fix_eval_priormean_new_max_mw0.5_run4_Core-Set_diff_effect_metrics.csv
4,1,1,200,0.2314973721448567,0.396875,0.0090980418026447,0.0956053957343101,0.2862509441140502,0.0017024614871576,0.0602341767237097,fixed_0.5,GEARS_100_5_100_256_1_rt_simple_loss_v2_ess_1k_fix_eval_priormean_new_max_mw0.5_run4_Core-Set_diff_effect_metrics.csv
4,1,2,300,0.2505477467664186,0.3830729166666666,0.0088044591248035,0.0866986736655235,0.3145996413832937,0.0014572299615392,0.0490682300894756,fixed_0.5,GEARS_100_5_100_256_1_rt_simple_loss_v2_ess_1k_fix_eval_priormean_new_max_mw0.5_run4_Core-Set_diff_effect_metrics.csv
4,1,3,400,0.2806766207320927,0.3822916666666667,0.008767488412559,0.0848071053624153,0.3215167810529902,0.0016229235293285,0.0500839956249061,fixed_0.5,GEARS_100_5_100_256_1_rt_simple_loss_v2_ess_1k_fix_eval_priormean_new_max_mw0.5_run4_Core-Set_diff_effect_metrics.csv
4,1,4,500,0.2826280746480991,0.3346354166666667,0.0087253991514444,0.0848077610135078,0.3540995579649384,0.0016314445017075,0.0505396525208652,fixed_0.5,GEARS_100_5_100_256_1_rt_simple_loss_v2_ess_1k_fix_eval_priormean_new_max_mw0.5_run4_Core-Set_diff_effect_metrics.csv
4,1,5,600,0.2936775474937514,0.31640625,0.0083489501848816,0.0848668590188026,0.390740136562037,0.0014413665889927,0.0498031263431888,fixed_0.5,GEARS_100_5_100_256_1_rt_simple_loss_v2_ess_1k_fix_eval_priormean_new_max_mw0.5_run4_Core-Set_diff_effect_metrics.csv
5,1,0,100,0.1283088646438981,0.4458333333333333,0.0108419135212898,0.1169516369700431,0.1815337073285571,0.0024146162759037,0.0849949458157425,fixed_0.5,GEARS_100_5_100_256_1_rt_simple_loss_v2_ess_1k_fix_eval_priormean_new_max_mw0.5_run5_Core-Set_diff_effect_metrics.csv
5,1,1,200,0.234710441831133,0.4096354166666667,0.0096986228600144,0.1017474755644798,0.2844305205916092,0.0020014348962383,0.07102081785409,fixed_0.5,GEARS_100_5_100_256_1_rt_simple_loss_v2_ess_1k_fix_eval_priormean_new_max_mw0.5_run5_Core-Set_diff_effect_metrics.csv
5,1,2,300,0.2627371193963721,0.3971354166666667,0.0089473640546202,0.0911409333348274,0.3031792666424354,0.0015809191196894,0.0557074071130652,fixed_0.5,GEARS_100_5_100_256_1_rt_simple_loss_v2_ess_1k_fix_eval_priormean_new_max_mw0.5_run5_Core-Set_diff_effect_metrics.csv
5,1,3,400,0.2928672886880334,0.3562499999999999,0.0086393421515822,0.0845208466053009,0.3773510832331368,0.0014857839041796,0.0499649675287097,fixed_0.5,GEARS_100_5_100_256_1_rt_simple_loss_v2_ess_1k_fix_eval_priormean_new_max_mw0.5_run5_Core-Set_diff_effect_metrics.csv
5,1,4,500,0.295040704559182,0.3458333333333334,0.0085940547287464,0.0832751169800758,0.3516865899206112,0.0014768207353966,0.0485922312548609,fixed_0.5,GEARS_100_5_100_256_1_rt_simple_loss_v2_ess_1k_fix_eval_priormean_new_max_mw0.5_run5_Core-Set_diff_effect_metrics.csv
5,1,5,600,0.3032389814974276,0.3390625,0.0083810957148671,0.0830010399222374,0.3785083612647382,0.0014475278507258,0.0498592793137201,fixed_0.5,GEARS_100_5_100_256_1_rt_simple_loss_v2_ess_1k_fix_eval_priormean_new_max_mw0.5_run5_Core-Set_diff_effect_metrics.csv
1,1,0,100,0.1096241060527546,0.4377604166666667,0.0108396634459495,0.1162433996796608,0.1718188199553704,0.0025357124743992,0.0885982520668525,fixed_0.75,GEARS_100_5_100_256_1_rt_simple_loss_v2_ess_1k_fix_eval_priormean_new_max_mw0.75_run1_Core-Set_diff_effect_metrics.csv
1,1,1,200,0.2200402268099909,0.3953125,0.0096910344436764,0.1019615158438682,0.2919995679838496,0.0021760068247191,0.0773316263583486,fixed_0.75,GEARS_100_5_100_256_1_rt_simple_loss_v2_ess_1k_fix_eval_priormean_new_max_mw0.75_run1_Core-Set_diff_effect_metrics.csv
1,1,2,300,0.2577726397145288,0.3580729166666667,0.0091159082949161,0.0946278199553489,0.3623615521702727,0.001940032374851,0.0697460201528125,fixed_0.75,GEARS_100_5_100_256_1_rt_simple_loss_v2_ess_1k_fix_eval_priormean_new_max_mw0.75_run1_Core-Set_diff_effect_metrics.csv
1,1,3,400,0.3029676448736672,0.3473958333333333,0.0082081919535994,0.0828550085425376,0.3786328033658401,0.0013548661387952,0.0469428713731455,fixed_0.75,GEARS_100_5_100_256_1_rt_simple_loss_v2_ess_1k_fix_eval_priormean_new_max_mw0.75_run1_Core-Set_diff_effect_metrics.csv
1,1,4,500,0.2872189243457834,0.3307291666666667,0.0084637738764286,0.0859116241335868,0.3786952154112897,0.0015369319436795,0.0519660408026538,fixed_0.75,GEARS_100_5_100_256_1_rt_simple_loss_v2_ess_1k_fix_eval_priormean_new_max_mw0.75_run1_Core-Set_diff_effect_metrics.csv
1,1,5,600,0.2899131691533385,0.3200520833333333,0.0084376381710171,0.0823770835995674,0.382245050020654,0.0014342432407744,0.0480126835322759,fixed_0.75,GEARS_100_5_100_256_1_rt_simple_loss_v2_ess_1k_fix_eval_priormean_new_max_mw0.75_run1_Core-Set_diff_effect_metrics.csv
2,1,0,100,0.1182205912185467,0.4572916666666667,0.010330494493246,0.1156916841864585,0.1630094498464983,0.0023445688777574,0.0862034199046017,fixed_0.75,GEARS_100_5_100_256_1_rt_simple_loss_v2_ess_1k_fix_eval_priormean_new_max_mw0.75_run2_Core-Set_diff_effect_metrics.csv
2,1,1,200,0.2345580409852189,0.4028645833333333,0.0097851688042283,0.0991979464888572,0.2850649570147245,0.0021781608704186,0.0744385187950683,fixed_0.75,GEARS_100_5_100_256_1_rt_simple_loss_v2_ess_1k_fix_eval_priormean_new_max_mw0.75_run2_Core-Set_diff_effect_metrics.csv
2,1,2,300,0.2728290089575014,0.3843749999999999,0.0093329036608338,0.0940148308873176,0.3434452877093292,0.0019595205724641,0.0689372118193205,fixed_0.75,GEARS_100_5_100_256_1_rt_simple_loss_v2_ess_1k_fix_eval_priormean_new_max_mw0.75_run2_Core-Set_diff_effect_metrics.csv
2,1,3,400,0.2887951394945305,0.3559895833333333,0.0086199827492237,0.0865218043327331,0.3638573915183927,0.00170301651667,0.0594128833192371,fixed_0.75,GEARS_100_5_100_256_1_rt_simple_loss_v2_ess_1k_fix_eval_priormean_new_max_mw0.75_run2_Core-Set_diff_effect_metrics.csv
2,1,4,500,0.2785443791949549,0.33203125,0.0088272057473659,0.090548038482666,0.3746093868389162,0.0017593425127658,0.0614585754322433,fixed_0.75,GEARS_100_5_100_256_1_rt_simple_loss_v2_ess_1k_fix_eval_priormean_new_max_mw0.75_run2_Core-Set_diff_effect_metrics.csv
2,1,5,600,0.2729950895969618,0.3325520833333333,0.0085244895890355,0.0861745700240135,0.3388615330519064,0.0015389103822381,0.0527247527074299,fixed_0.75,GEARS_100_5_100_256_1_rt_simple_loss_v2_ess_1k_fix_eval_priormean_new_max_mw0.75_run2_Core-Set_diff_effect_metrics.csv
3,1,0,100,0.1112261482841917,0.4583333333333333,0.0107687814161181,0.1172509863972663,0.136133568558886,0.0024200995966772,0.0849393445756808,fixed_0.75,GEARS_100_5_100_256_1_rt_simple_loss_v2_ess_1k_fix_eval_priormean_new_max_mw0.75_run3_Core-Set_diff_effect_metrics.csv
3,1,1,200,0.2415682215484374,0.3869791666666667,0.0092420727014541,0.1026855185627937,0.3011882166268116,0.0020519744064464,0.0742107861680021,fixed_0.75,GEARS_100_5_100_256_1_rt_simple_loss_v2_ess_1k_fix_eval_priormean_new_max_mw0.75_run3_Core-Set_diff_effect_metrics.csv
3,1,2,300,0.2648225125094689,0.3960937499999999,0.0096613336354494,0.0855053439736366,0.3364146216695298,0.0016377041187952,0.0522639285329811,fixed_0.75,GEARS_100_5_100_256_1_rt_simple_loss_v2_ess_1k_fix_eval_priormean_new_max_mw0.75_run3_Core-Set_diff_effect_metrics.csv
3,1,3,400,0.2408929377424763,0.33828125,0.0088849021121859,0.0907416939735412,0.3351914372328941,0.0016359917539011,0.0548198821745548,fixed_0.75,GEARS_100_5_100_256_1_rt_simple_loss_v2_ess_1k_fix_eval_priormean_new_max_mw0.75_run3_Core-Set_diff_effect_metrics.csv
3,1,4,500,0.2888464343961941,0.3531249999999999,0.0084519609808921,0.0824102833867073,0.3503770811219676,0.0013817185709679,0.0459016062356567,fixed_0.75,GEARS_100_5_100_256_1_rt_simple_loss_v2_ess_1k_fix_eval_priormean_new_max_mw0.75_run3_Core-Set_diff_effect_metrics.csv
3,1,5,600,0.2741442070542317,0.33125,0.008319673128426,0.083196111023426,0.3551163914729356,0.0014113862483209,0.0473942486538968,fixed_0.75,GEARS_100_5_100_256_1_rt_simple_loss_v2_ess_1k_fix_eval_priormean_new_max_mw0.75_run3_Core-Set_diff_effect_metrics.csv
4,1,0,100,0.1153532593356217,0.43046875,0.0105994939804077,0.114246517419815,0.1523731780976975,0.0023738264027585,0.0836971957272301,fixed_0.75,GEARS_100_5_100_256_1_rt_simple_loss_v2_ess_1k_fix_eval_priormean_new_max_mw0.75_run4_Core-Set_diff_effect_metrics.csv
4,1,1,200,0.2219875440103054,0.39140625,0.0086906272917985,0.0959636569023132,0.2829047264051637,0.0016441902735047,0.0599257484383694,fixed_0.75,GEARS_100_5_100_256_1_rt_simple_loss_v2_ess_1k_fix_eval_priormean_new_max_mw0.75_run4_Core-Set_diff_effect_metrics.csv
4,1,2,300,0.2613159668212361,0.3567708333333333,0.0084714172407984,0.0894331708550453,0.3186558140247384,0.001437519777571,0.0509537267810325,fixed_0.75,GEARS_100_5_100_256_1_rt_simple_loss_v2_ess_1k_fix_eval_priormean_new_max_mw0.75_run4_Core-Set_diff_effect_metrics.csv
4,1,3,400,0.2565230054383374,0.3583333333333333,0.008478857576847,0.0889103412628173,0.3118987930924551,0.0015109180081296,0.0517137387124118,fixed_0.75,GEARS_100_5_100_256_1_rt_simple_loss_v2_ess_1k_fix_eval_priormean_new_max_mw0.75_run4_Core-Set_diff_effect_metrics.csv
4,1,4,500,0.2688004906408797,0.3294270833333333,0.0086212987080216,0.0839312672615051,0.3566998604301752,0.0015205267372136,0.0502466990912429,fixed_0.75,GEARS_100_5_100_256_1_rt_simple_loss_v2_ess_1k_fix_eval_priormean_new_max_mw0.75_run4_Core-Set_diff_effect_metrics.csv
4,1,5,600,0.2929668633847098,0.3380208333333334,0.0081379190087318,0.0851998552680015,0.3707850981447941,0.0013855619040041,0.0496133873720282,fixed_0.75,GEARS_100_5_100_256_1_rt_simple_loss_v2_ess_1k_fix_eval_priormean_new_max_mw0.75_run4_Core-Set_diff_effect_metrics.csv
5,1,0,100,0.1316221748183957,0.44609375,0.0108332326635718,0.1168086156249046,0.1832738886999742,0.0024165124968664,0.0851526859761482,fixed_0.75,GEARS_100_5_100_256_1_rt_simple_loss_v2_ess_1k_fix_eval_priormean_new_max_mw0.75_run5_Core-Set_diff_effect_metrics.csv
5,1,1,200,0.2567847826886847,0.3908854166666667,0.0095391822978854,0.093379445374012,0.2955358536146469,0.0020112580057611,0.0675143700991308,fixed_0.75,GEARS_100_5_100_256_1_rt_simple_loss_v2_ess_1k_fix_eval_priormean_new_max_mw0.75_run5_Core-Set_diff_effect_metrics.csv
5,1,2,300,0.255225967164355,0.3653645833333334,0.0091477939859032,0.0944346785545349,0.3112046043009381,0.0020214736854347,0.0719980836289929,fixed_0.75,GEARS_100_5_100_256_1_rt_simple_loss_v2_ess_1k_fix_eval_priormean_new_max_mw0.75_run5_Core-Set_diff_effect_metrics.csv
5,1,3,400,0.2590156133112009,0.33203125,0.0085745276883244,0.0855366885662078,0.3477030076868331,0.0015043693783154,0.0509545835376836,fixed_0.75,GEARS_100_5_100_256_1_rt_simple_loss_v2_ess_1k_fix_eval_priormean_new_max_mw0.75_run5_Core-Set_diff_effect_metrics.csv
5,1,4,500,0.2615232873676855,0.3432291666666667,0.0084882173687219,0.084857165813446,0.3201606872507689,0.0014944836599558,0.0501701538440102,fixed_0.75,GEARS_100_5_100_256_1_rt_simple_loss_v2_ess_1k_fix_eval_priormean_new_max_mw0.75_run5_Core-Set_diff_effect_metrics.csv
5,1,5,600,0.269581797858173,0.34453125,0.008345391601324,0.0834348797798156,0.3398382355914085,0.0014583417052684,0.0498129416855893,fixed_0.75,GEARS_100_5_100_256_1_rt_simple_loss_v2_ess_1k_fix_eval_priormean_new_max_mw0.75_run5_Core-Set_diff_effect_metrics.csv
1,1,0,100,0.0992565128082128,0.4320312499999999,0.0109325544908642,0.1167593598365783,0.1679719742871634,0.0025581464923016,0.0889808400660058,early_prior,GEARS_100_5_100_256_1_rt_simple_loss_v2_ess_1k_fix_eval_priormean_new_max_sched_early_prior_run1_Core-Set_diff_effect_metrics.csv
1,1,1,200,0.2477749761577906,0.3841145833333333,0.0092974323779344,0.0928338095545768,0.3396064400750481,0.0016531932250557,0.057661287464604,early_prior,GEARS_100_5_100_256_1_rt_simple_loss_v2_ess_1k_fix_eval_priormean_new_max_sched_early_prior_run1_Core-Set_diff_effect_metrics.csv
1,1,2,300,0.2865431100096274,0.3752604166666667,0.0089417481794953,0.0893619358539581,0.3681771473439914,0.0015908125603843,0.0549846629368706,early_prior,GEARS_100_5_100_256_1_rt_simple_loss_v2_ess_1k_fix_eval_priormean_new_max_sched_early_prior_run1_Core-Set_diff_effect_metrics.csv
1,1,3,400,0.2553388803003501,0.35546875,0.0088013047352433,0.0907328799366951,0.3291903015466162,0.0016612030552399,0.0551058498601378,early_prior,GEARS_100_5_100_256_1_rt_simple_loss_v2_ess_1k_fix_eval_priormean_new_max_sched_early_prior_run1_Core-Set_diff_effect_metrics.csv
1,1,4,500,0.2918170251616916,0.3375000000000001,0.0082146134227514,0.0838953480124473,0.3717129055984709,0.0014726649231524,0.0505132885680116,early_prior,GEARS_100_5_100_256_1_rt_simple_loss_v2_ess_1k_fix_eval_priormean_new_max_sched_early_prior_run1_Core-Set_diff_effect_metrics.csv
1,1,5,600,0.2840877137185749,0.3395833333333333,0.0084818229079246,0.0823853239417076,0.3619520923238744,0.0014730016500592,0.0484734997009278,early_prior,GEARS_100_5_100_256_1_rt_simple_loss_v2_ess_1k_fix_eval_priormean_new_max_sched_early_prior_run1_Core-Set_diff_effect_metrics.csv
2,1,0,100,0.1200497325356749,0.4651041666666667,0.0103496117517352,0.1154382228851318,0.1627359673117369,0.0023424923316973,0.0863776474722726,early_prior,GEARS_100_5_100_256_1_rt_simple_loss_v2_ess_1k_fix_eval_priormean_new_max_sched_early_prior_run2_Core-Set_diff_effect_metrics.csv
2,1,1,200,0.2401891406568367,0.3861979166666667,0.0093063237145543,0.0962142720818519,0.3062732764319596,0.0018373937460176,0.063997002336085,early_prior,GEARS_100_5_100_256_1_rt_simple_loss_v2_ess_1k_fix_eval_priormean_new_max_sched_early_prior_run2_Core-Set_diff_effect_metrics.csv
2,1,2,300,0.2495128212238241,0.3901041666666667,0.0092546148225665,0.0924667119979858,0.3074871603176041,0.0018023532001291,0.0621703421237422,early_prior,GEARS_100_5_100_256_1_rt_simple_loss_v2_ess_1k_fix_eval_priormean_new_max_sched_early_prior_run2_Core-Set_diff_effect_metrics.csv
2,1,3,400,0.2896614222196334,0.3627604166666667,0.0082654356956481,0.0816983580589294,0.3673051500679478,0.0013754079212473,0.0482053460397158,early_prior,GEARS_100_5_100_256_1_rt_simple_loss_v2_ess_1k_fix_eval_priormean_new_max_sched_early_prior_run2_Core-Set_diff_effect_metrics.csv
2,1,4,500,0.2911723484361798,0.33828125,0.0081746540963649,0.0833004117012023,0.3565206493626354,0.0013418982579581,0.0466349084646177,early_prior,GEARS_100_5_100_256_1_rt_simple_loss_v2_ess_1k_fix_eval_priormean_new_max_sched_early_prior_run2_Core-Set_diff_effect_metrics.csv
2,1,5,600,0.2699590871730639,0.3283854166666667,0.0084192808717489,0.0859959125518798,0.3417566774003912,0.0014639495404941,0.0500474918108617,early_prior,GEARS_100_5_100_256_1_rt_simple_loss_v2_ess_1k_fix_eval_priormean_new_max_sched_early_prior_run2_Core-Set_diff_effect_metrics.csv
3,1,0,100,0.1146388554675437,0.4518229166666667,0.0107207121327519,0.1170888319611549,0.1484045955820612,0.0024245414995724,0.0855260383850691,early_prior,GEARS_100_5_100_256_1_rt_simple_loss_v2_ess_1k_fix_eval_priormean_new_max_sched_early_prior_run3_Core-Set_diff_effect_metrics.csv
3,1,1,200,0.232035601544545,0.4026041666666666,0.0092485463246703,0.0941183790564537,0.2605175162670064,0.00159967723385,0.0549257788542642,early_prior,GEARS_100_5_100_256_1_rt_simple_loss_v2_ess_1k_fix_eval_priormean_new_max_sched_early_prior_run3_Core-Set_diff_effect_metrics.csv
3,1,2,300,0.2078489618447861,0.3955729166666666,0.0092699872329831,0.0956135392189025,0.2555094125977996,0.001707836709155,0.0580165966600967,early_prior,GEARS_100_5_100_256_1_rt_simple_loss_v2_ess_1k_fix_eval_priormean_new_max_sched_early_prior_run3_Core-Set_diff_effect_metrics.csv
3,1,3,400,0.2635487400110891,0.34765625,0.0087946243584156,0.0927876010537147,0.3251303397577663,0.0016875231843951,0.0600095873493046,early_prior,GEARS_100_5_100_256_1_rt_simple_loss_v2_ess_1k_fix_eval_priormean_new_max_sched_early_prior_run3_Core-Set_diff_effect_metrics.csv
3,1,4,500,0.267920244939404,0.34375,0.0085616474971175,0.0863817706704139,0.3415361500620777,0.0015077003161059,0.051314405627924,early_prior,GEARS_100_5_100_256_1_rt_simple_loss_v2_ess_1k_fix_eval_priormean_new_max_sched_early_prior_run3_Core-Set_diff_effect_metrics.csv
3,1,5,600,0.2892837257301386,0.3442708333333333,0.0088664842769503,0.0830807387828826,0.354477473352409,0.0016663913907056,0.0496263567281554,early_prior,GEARS_100_5_100_256_1_rt_simple_loss_v2_ess_1k_fix_eval_priormean_new_max_sched_early_prior_run3_Core-Set_diff_effect_metrics.csv
4,1,0,100,0.1154569736408132,0.4260416666666666,0.010605446062982,0.1142013445496559,0.1572148360321937,0.0023641056903676,0.083140576459391,early_prior,GEARS_100_5_100_256_1_rt_simple_loss_v2_ess_1k_fix_eval_priormean_new_max_sched_early_prior_run4_Core-Set_diff_effect_metrics.csv
4,1,1,200,0.2494165230672795,0.3895833333333334,0.0091174123808741,0.0957386419177055,0.3193406800357329,0.0017030254881052,0.0602731365349124,early_prior,GEARS_100_5_100_256_1_rt_simple_loss_v2_ess_1k_fix_eval_priormean_new_max_sched_early_prior_run4_Core-Set_diff_effect_metrics.csv
4,1,2,300,0.2154152412994196,0.3752604166666667,0.0090987421572208,0.0887798443436622,0.2820868809469124,0.0015567214567369,0.0518370279615737,early_prior,GEARS_100_5_100_256_1_rt_simple_loss_v2_ess_1k_fix_eval_priormean_new_max_sched_early_prior_run4_Core-Set_diff_effect_metrics.csv
4,1,3,400,0.2603602102464692,0.390625,0.0091316644102334,0.0903914645314216,0.2985039218034118,0.001648953957391,0.0544788333808052,early_prior,GEARS_100_5_100_256_1_rt_simple_loss_v2_ess_1k_fix_eval_priormean_new_max_sched_early_prior_run4_Core-Set_diff_effect_metrics.csv
4,1,4,500,0.2741069092801144,0.3442708333333333,0.008598948828876,0.0879015922546386,0.3543604866599142,0.0014903521383506,0.0500868755653148,early_prior,GEARS_100_5_100_256_1_rt_simple_loss_v2_ess_1k_fix_eval_priormean_new_max_sched_early_prior_run4_Core-Set_diff_effect_metrics.csv
4,1,5,600,0.2557811502609506,0.3359375,0.0087020443752408,0.0887419879436492,0.3222129283529213,0.00154102554035,0.0529727927205385,early_prior,GEARS_100_5_100_256_1_rt_simple_loss_v2_ess_1k_fix_eval_priormean_new_max_sched_early_prior_run4_Core-Set_diff_effect_metrics.csv
5,1,0,100,0.1328452624749182,0.440625,0.0107962535694241,0.1165735647082328,0.1824459571191395,0.0024124534607787,0.0852656334956615,early_prior,GEARS_100_5_100_256_1_rt_simple_loss_v2_ess_1k_fix_eval_priormean_new_max_sched_early_prior_run5_Core-Set_diff_effect_metrics.csv
5,1,1,200,0.2451195981570838,0.4145833333333333,0.0099099827930331,0.0951541364192962,0.2823905230739211,0.0016800846064094,0.0558990025810999,early_prior,GEARS_100_5_100_256_1_rt_simple_loss_v2_ess_1k_fix_eval_priormean_new_max_sched_early_prior_run5_Core-Set_diff_effect_metrics.csv
5,1,2,300,0.2672411504442688,0.3799479166666666,0.0091340206563472,0.0929262861609458,0.3327029623876578,0.0018198108439246,0.0633735444978507,early_prior,GEARS_100_5_100_256_1_rt_simple_loss_v2_ess_1k_fix_eval_priormean_new_max_sched_early_prior_run5_Core-Set_diff_effect_metrics.csv
5,1,3,400,0.2370470224164734,0.3385416666666667,0.0089246928691864,0.0882067158818245,0.3138110992648386,0.0015868560879001,0.0528304405397041,early_prior,GEARS_100_5_100_256_1_rt_simple_loss_v2_ess_1k_fix_eval_priormean_new_max_sched_early_prior_run5_Core-Set_diff_effect_metrics.csv
5,1,4,500,0.2701978146534709,0.3374999999999999,0.0090162148699164,0.0895527526736259,0.3605800517207211,0.0016598890319146,0.0550455798922484,early_prior,GEARS_100_5_100_256_1_rt_simple_loss_v2_ess_1k_fix_eval_priormean_new_max_sched_early_prior_run5_Core-Set_diff_effect_metrics.csv
5,1,5,600,0.2724133035452204,0.3111979166666667,0.0085343522951006,0.0831011310219764,0.36577083407729,0.0014760279364915,0.0487667738317213,early_prior,GEARS_100_5_100_256_1_rt_simple_loss_v2_ess_1k_fix_eval_priormean_new_max_sched_early_prior_run5_Core-Set_diff_effect_metrics.csv
1,1,0,100,0.1047119101545024,0.4369791666666667,0.0108275590464472,0.1165238618850708,0.1723680120810057,0.0025434506244297,0.0889209252679696,early_model,GEARS_100_5_100_256_1_rt_simple_loss_v2_ess_1k_fix_eval_priormean_new_max_sched_early_model_run1_Core-Set_diff_effect_metrics.csv
1,1,1,200,0.2113310980918158,0.4161458333333334,0.0097829028964042,0.1049553230404853,0.2858774339949145,0.0021186210867793,0.0767074936527327,early_model,GEARS_100_5_100_256_1_rt_simple_loss_v2_ess_1k_fix_eval_priormean_new_max_sched_early_model_run1_Core-Set_diff_effect_metrics.csv
1,1,2,300,0.2535712205890172,0.3721354166666666,0.0091879619285464,0.0950441136956214,0.3549940892292786,0.0017390870034044,0.061014192568291,early_model,GEARS_100_5_100_256_1_rt_simple_loss_v2_ess_1k_fix_eval_priormean_new_max_sched_early_model_run1_Core-Set_diff_effect_metrics.csv
1,1,3,400,0.2683015431850905,0.346875,0.0086285481229424,0.089834488928318,0.3705564068061847,0.0015656186346265,0.0543848252225871,early_model,GEARS_100_5_100_256_1_rt_simple_loss_v2_ess_1k_fix_eval_priormean_new_max_sched_early_model_run1_Core-Set_diff_effect_metrics.csv
1,1,4,500,0.2688184791262798,0.3598958333333333,0.0090037854388356,0.0914435163140297,0.3557814778563915,0.0017680704340818,0.0545146036706986,early_model,GEARS_100_5_100_256_1_rt_simple_loss_v2_ess_1k_fix_eval_priormean_new_max_sched_early_model_run1_Core-Set_diff_effect_metrics.csv
1,1,5,600,0.2645080510382971,0.3252604166666666,0.0086174523457884,0.0903661176562309,0.3804161376600276,0.0015413062589905,0.053525081280865,early_model,GEARS_100_5_100_256_1_rt_simple_loss_v2_ess_1k_fix_eval_priormean_new_max_sched_early_model_run1_Core-Set_diff_effect_metrics.csv
2,1,0,100,0.1260389101440643,0.44453125,0.0102779055014252,0.1143074110150337,0.1789422462474281,0.0023254122387831,0.0855639365250074,early_model,GEARS_100_5_100_256_1_rt_simple_loss_v2_ess_1k_fix_eval_priormean_new_max_sched_early_model_run2_Core-Set_diff_effect_metrics.csv
2,1,1,200,0.2325388219665694,0.3791666666666666,0.0096233123913407,0.0958138331770896,0.2896711736012648,0.0020924289438892,0.0716056003410509,early_model,GEARS_100_5_100_256_1_rt_simple_loss_v2_ess_1k_fix_eval_priormean_new_max_sched_early_model_run2_Core-Set_diff_effect_metrics.csv
2,1,2,300,0.273496127024143,0.3682291666666666,0.0095215141773223,0.0909775272011756,0.3392833715502587,0.0019760752850512,0.068754699704732,early_model,GEARS_100_5_100_256_1_rt_simple_loss_v2_ess_1k_fix_eval_priormean_new_max_sched_early_model_run2_Core-Set_diff_effect_metrics.csv
2,1,3,400,0.292932507539898,0.3302083333333333,0.0084493299946188,0.0813459903001785,0.3690948211141756,0.0014399550785116,0.0479334133945788,early_model,GEARS_100_5_100_256_1_rt_simple_loss_v2_ess_1k_fix_eval_priormean_new_max_sched_early_model_run2_Core-Set_diff_effect_metrics.csv
2,1,4,500,0.2917542870107206,0.3617187499999999,0.0085711320862174,0.082292340695858,0.3451813472045684,0.0014211596778914,0.0473220323437696,early_model,GEARS_100_5_100_256_1_rt_simple_loss_v2_ess_1k_fix_eval_priormean_new_max_sched_early_model_run2_Core-Set_diff_effect_metrics.csv
2,1,5,600,0.2847830886627724,0.3489583333333333,0.0085716089233756,0.0849936306476593,0.3636776895414121,0.0015006314962229,0.0504369250268913,early_model,GEARS_100_5_100_256_1_rt_simple_loss_v2_ess_1k_fix_eval_priormean_new_max_sched_early_model_run2_Core-Set_diff_effect_metrics.csv
3,1,0,100,0.1123640060671294,0.4544270833333333,0.010756698437035,0.117297738790512,0.1391214845020612,0.002427140774312,0.0857405068437401,early_model,GEARS_100_5_100_256_1_rt_simple_loss_v2_ess_1k_fix_eval_priormean_new_max_sched_early_model_run3_Core-Set_diff_effect_metrics.csv
3,1,1,200,0.2436615141579206,0.3895833333333333,0.0090078162029385,0.0989224016666412,0.3188177664349998,0.0019295729480848,0.0719448683062485,early_model,GEARS_100_5_100_256_1_rt_simple_loss_v2_ess_1k_fix_eval_priormean_new_max_sched_early_model_run3_Core-Set_diff_effect_metrics.csv
3,1,2,300,0.2681962217001123,0.3791666666666666,0.0093121472746133,0.0901990830898284,0.3272008783679891,0.001816922534878,0.0629788406434272,early_model,GEARS_100_5_100_256_1_rt_simple_loss_v2_ess_1k_fix_eval_priormean_new_max_sched_early_model_run3_Core-Set_diff_effect_metrics.csv
3,1,3,400,0.2702240927351055,0.3578125,0.008551413193345,0.089350402355194,0.3547612253736336,0.0015362809073558,0.0535683494699696,early_model,GEARS_100_5_100_256_1_rt_simple_loss_v2_ess_1k_fix_eval_priormean_new_max_sched_early_model_run3_Core-Set_diff_effect_metrics.csv
3,1,4,500,0.3018550298315719,0.3531250000000001,0.0084853721782565,0.0844262763857841,0.3760833206950871,0.0014473461042386,0.0479156855038127,early_model,GEARS_100_5_100_256_1_rt_simple_loss_v2_ess_1k_fix_eval_priormean_new_max_sched_early_model_run3_Core-Set_diff_effect_metrics.csv
3,1,5,600,0.2790566032257129,0.3486979166666666,0.0084576969966292,0.0882619619369506,0.3662788229800354,0.0014999844158955,0.0518682083520919,early_model,GEARS_100_5_100_256_1_rt_simple_loss_v2_ess_1k_fix_eval_priormean_new_max_sched_early_model_run3_Core-Set_diff_effect_metrics.csv
4,1,0,100,0.1215291843446154,0.4145833333333333,0.01054307539016,0.1138331517577171,0.1645903184769365,0.0023533558504568,0.0830374543481411,early_model,GEARS_100_5_100_256_1_rt_simple_loss_v2_ess_1k_fix_eval_priormean_new_max_sched_early_model_run4_Core-Set_diff_effect_metrics.csv
4,1,1,200,0.203732827281739,0.4166666666666667,0.0094223311170935,0.1031461134552955,0.2572769192256506,0.0020501135605324,0.0739405581409907,early_model,GEARS_100_5_100_256_1_rt_simple_loss_v2_ess_1k_fix_eval_priormean_new_max_sched_early_model_run4_Core-Set_diff_effect_metrics.csv
4,1,2,300,0.2722785176452328,0.35625,0.008931434713304,0.0922841355204582,0.3657817852767637,0.001907639962524,0.0685169582952312,early_model,GEARS_100_5_100_256_1_rt_simple_loss_v2_ess_1k_fix_eval_priormean_new_max_sched_early_model_run4_Core-Set_diff_effect_metrics.csv
4,1,3,400,0.2730218564758187,0.3515625,0.0088042374700307,0.0911466106772422,0.3667762662800659,0.0017027853846714,0.0578426173950901,early_model,GEARS_100_5_100_256_1_rt_simple_loss_v2_ess_1k_fix_eval_priormean_new_max_sched_early_model_run4_Core-Set_diff_effect_metrics.csv
4,1,4,500,0.2727273591865369,0.3528645833333333,0.0084960227832198,0.0916245207190513,0.3501065457562022,0.0017100558905682,0.0610488351474183,early_model,GEARS_100_5_100_256_1_rt_simple_loss_v2_ess_1k_fix_eval_priormean_new_max_sched_early_model_run4_Core-Set_diff_effect_metrics.csv
4,1,5,600,0.2870386709391168,0.3208333333333333,0.0088187754154205,0.0913730040192604,0.394390411401755,0.0018782328972301,0.0651885441692077,early_model,GEARS_100_5_100_256_1_rt_simple_loss_v2_ess_1k_fix_eval_priormean_new_max_sched_early_model_run4_Core-Set_diff_effect_metrics.csv
5,1,0,100,0.1332075547956418,0.4375,0.0108393738046288,0.1167399585247039,0.1804267966888377,0.0024094469058569,0.0849711671699575,early_model,GEARS_100_5_100_256_1_rt_simple_loss_v2_ess_1k_fix_eval_priormean_new_max_sched_early_model_run5_Core-Set_diff_effect_metrics.csv
5,1,1,200,0.2438715500371749,0.4007812499999999,0.0092961890622973,0.0977605208754539,0.2919258578664378,0.0019495010173195,0.0691224714749599,early_model,GEARS_100_5_100_256_1_rt_simple_loss_v2_ess_1k_fix_eval_priormean_new_max_sched_early_model_run5_Core-Set_diff_effect_metrics.csv
5,1,2,300,0.2353068289354689,0.3528645833333333,0.0090814149007201,0.0977634489536285,0.3296847752102315,0.0020636541184067,0.0756080354596633,early_model,GEARS_100_5_100_256_1_rt_simple_loss_v2_ess_1k_fix_eval_priormean_new_max_sched_early_model_run5_Core-Set_diff_effect_metrics.csv
5,1,3,400,0.2700394640010795,0.33671875,0.008515796624124,0.085021398961544,0.3539920909279555,0.0014354270099914,0.0490189547633538,early_model,GEARS_100_5_100_256_1_rt_simple_loss_v2_ess_1k_fix_eval_priormean_new_max_sched_early_model_run5_Core-Set_diff_effect_metrics.csv
5,1,4,500,0.3031080515269974,0.3536458333333334,0.0084521425887942,0.0842428207397461,0.3881970703677624,0.0014743381631997,0.0492576443041798,early_model,GEARS_100_5_100_256_1_rt_simple_loss_v2_ess_1k_fix_eval_priormean_new_max_sched_early_model_run5_Core-Set_diff_effect_metrics.csv
5,1,5,600,0.2896622244884885,0.3294270833333333,0.0082372529432177,0.0822748914361,0.3783430504345522,0.0013579905787786,0.0464573481524439,early_model,GEARS_100_5_100_256_1_rt_simple_loss_v2_ess_1k_fix_eval_priormean_new_max_sched_early_model_run5_Core-Set_diff_effect_metrics.csv
