run,round,n_labeled,perm_seed,signal,z0,z05,z1,d_z_0_05,d_z_0_1,d_z_05_1,ordered_0_gt_05_gt_1
1,1,100,20260826,cons,0.4031854667512124,0.5028891086275525,0.4172705556585074,-0.09970364187634012,-0.014085088907294985,0.08561855296904514,False
1,1,100,20260826,cons_full,0.4247763974251374,0.4876488217304923,0.37825947758197226,-0.06287242430535489,0.04651691984316514,0.10938934414852003,False
1,1,100,20260826,loc,0.237,0.188,0.07,0.04899999999999999,0.16699999999999998,0.118,True
1,1,100,20260826,obs,0.45124494210971544,0.33718051050588377,0.13576294508941464,0.11406443160383167,0.3154819970203008,0.20141756541646913,True
1,1,100,20260826,pm,0.39637272085091446,0.2950456403635653,0.11759059712468158,0.10132708048734917,0.2787821237262329,0.17745504323888373,True
1,1,100,20260827,cons,0.4031854667512124,0.49628800054450867,0.41700237929474504,-0.09310253379329625,-0.013816912543532622,0.07928562124976363,False
1,1,100,20260827,cons_full,0.4247763974251374,0.48840922606165904,0.3820972989531789,-0.06363282863652164,0.0426790984719585,0.10631192710848014,False
1,1,100,20260827,loc,0.237,0.171,0.064,0.06599999999999998,0.173,0.10700000000000001,True
1,1,100,20260827,obs,0.45124494210971544,0.3768788852749481,0.19631204250479092,0.07436605683476732,0.2549328996049245,0.1805668427701572,True
1,1,100,20260827,pm,0.39637272085091446,0.3115704618228066,0.14294338417969898,0.08480225902810784,0.2534293366712155,0.16862707764310764,True
1,1,100,20260828,cons,0.4031854667512124,0.4866246329647415,0.37712707915832416,-0.08343916621352909,0.026058387592888255,0.10949755380641735,False
1,1,100,20260828,cons_full,0.4247763974251374,0.4862838912347319,0.3757072454817988,-0.06150749380959453,0.04906915194333861,0.11057664575293313,False
1,1,100,20260828,loc,0.237,0.18600000000000005,0.08299999999999999,0.050999999999999934,0.154,0.10300000000000006,True
1,1,100,20260828,obs,0.45124494210971544,0.3897357555499624,0.18285145355987195,0.061509186559753015,0.26839348854984346,0.20688430199009047,True
1,1,100,20260828,pm,0.39637272085091446,0.32187653316950354,0.12900635407708938,0.07449618768141092,0.2673663667738251,0.19287017909241416,True
1,1,100,20260829,cons,0.4031854667512124,0.4893738822917823,0.38866381685672874,-0.08618841554056988,0.01452164989448368,0.10071006543505356,False
1,1,100,20260829,cons_full,0.4247763974251374,0.48676591304599104,0.3809076724890633,-0.06198951562085364,0.04386872493607408,0.10585824055692772,False
1,1,100,20260829,loc,0.237,0.20099999999999998,0.10699999999999997,0.036000000000000004,0.13,0.09400000000000001,True
1,1,100,20260829,obs,0.45124494210971544,0.3610998866547427,0.15110824455431987,0.09014505545497276,0.30013669755539557,0.20999164210042282,True
1,1,100,20260829,pm,0.39637272085091446,0.3147817766887783,0.12907039341103824,0.08159094416213614,0.26730232743987625,0.1857113832777401,True
1,1,100,20260830,cons,0.4031854667512124,0.4926137216448892,0.40623895417081474,-0.08942825489367678,-0.0030534874196023187,0.08637476747407447,False
1,1,100,20260830,cons_full,0.4247763974251374,0.48657164465559405,0.38149618633728666,-0.06179524723045665,0.04328021108785074,0.10507545831830739,False
1,1,100,20260830,loc,0.237,0.16400000000000003,0.052000000000000005,0.07299999999999995,0.185,0.11200000000000003,True
1,1,100,20260830,obs,0.45124494210971544,0.3373420607440491,0.14999058004302854,0.11390288136566634,0.3012543620666869,0.18735148070102056,True
1,1,100,20260830,pm,0.39637272085091446,0.28784694041476494,0.11968692791612542,0.10852578043614952,0.276685792934789,0.16816001249863952,True
1,2,200,20260826,cons,0.43135791716387034,0.47847659055395964,0.3641584424273958,-0.047118673390089294,0.06719947473647453,0.11431814812656382,False
1,2,200,20260826,cons_full,0.4247763974251374,0.4876488217304923,0.37825947758197226,-0.06287242430535489,0.04651691984316514,0.10938934414852003,False
1,2,200,20260826,loc,0.1765,0.126,0.019500000000000003,0.05049999999999999,0.15699999999999997,0.1065,True
1,2,200,20260826,obs,0.5325103149086212,0.45672730442483905,0.1910756672514078,0.07578301048378216,0.34143464765721343,0.26565163717343127,True
1,2,200,20260826,pm,0.563080184959077,0.4867983718292001,0.20947712296387094,0.07628181312987686,0.353603061995206,0.27732124886532916,True
1,2,200,20260827,cons,0.43135791716387034,0.47166542367120046,0.3633967883994878,-0.040307506507330115,0.06796112876438254,0.10826863527171265,False
1,2,200,20260827,cons_full,0.4247763974251374,0.48840922606165904,0.3820972989531789,-0.06363282863652164,0.0426790984719585,0.10631192710848014,False
1,2,200,20260827,loc,0.1765,0.131,0.041999999999999996,0.045499999999999985,0.1345,0.08900000000000001,True
1,2,200,20260827,obs,0.5325103149086212,0.4998068696821865,0.2856487352585504,0.0327034452264347,0.24686157965007083,0.21415813442363613,True
1,2,200,20260827,pm,0.563080184959077,0.5318327716865797,0.30863456353877256,0.03124741327249725,0.2544456214203044,0.22319820814780716,True
1,2,200,20260828,cons,0.43135791716387034,0.4616413474085042,0.32650727154446685,-0.03028343024463387,0.10485064561940349,0.13513407586403736,False
1,2,200,20260828,cons_full,0.4247763974251374,0.4862838912347319,0.3757072454817988,-0.06150749380959453,0.04906915194333861,0.11057664575293313,False
1,2,200,20260828,loc,0.1765,0.15,0.07,0.026499999999999996,0.10649999999999998,0.07999999999999999,True
1,2,200,20260828,obs,0.5325103149086212,0.4851639527312187,0.2312576148671216,0.04734636217740251,0.3012527000414996,0.2539063378640971,True
1,2,200,20260828,pm,0.563080184959077,0.5208693934033216,0.26045866370573556,0.042210791555755356,0.3026215212533414,0.26041072969758605,True
1,2,200,20260829,cons,0.43135791716387034,0.46551621235985985,0.3387448118539003,-0.03415829519598951,0.09261310530997002,0.12677140050595953,False
1,2,200,20260829,cons_full,0.4247763974251374,0.48676591304599104,0.3809076724890633,-0.06198951562085364,0.04386872493607408,0.10585824055692772,False
1,2,200,20260829,loc,0.1765,0.136,0.055999999999999994,0.04049999999999998,0.1205,0.08000000000000002,True
1,2,200,20260829,obs,0.5325103149086212,0.4677147485959997,0.21058936680346965,0.06479556631262151,0.3219209481051516,0.2571253817925301,True
1,2,200,20260829,pm,0.563080184959077,0.49699151049778684,0.22738814988514347,0.06608867446129013,0.3356920350739335,0.26960336061264334,True
1,2,200,20260830,cons,0.43135791716387034,0.4632415301086927,0.351495037826394,-0.03188361294482234,0.07986287933747632,0.11174649228229866,False
1,2,200,20260830,cons_full,0.4247763974251374,0.48657164465559405,0.38149618633728666,-0.06179524723045665,0.04328021108785074,0.10507545831830739,False
1,2,200,20260830,loc,0.1765,0.12200000000000001,0.038000000000000006,0.05449999999999998,0.13849999999999998,0.084,True
1,2,200,20260830,obs,0.5325103149086212,0.4492627923905939,0.20297709198850436,0.0832475225180273,0.3295332229201169,0.24628570040208955,True
1,2,200,20260830,pm,0.563080184959077,0.4818588889942837,0.22744766655565674,0.08122129596479327,0.33563251840342023,0.25441122243862696,True
1,3,300,20260826,cons,0.45343315007029555,0.4895300990225079,0.3666062582193249,-0.03609694895221233,0.08682689185097064,0.12292384080318297,False
1,3,300,20260826,cons_full,0.4247763974251374,0.4876488217304923,0.37825947758197226,-0.06287242430535489,0.04651691984316514,0.10938934414852003,False
1,3,300,20260826,loc,0.13266666666666668,0.108,0.016000000000000004,0.024666666666666684,0.11666666666666668,0.092,True
1,3,300,20260826,obs,0.5536073299321482,0.4839067840077761,0.22302162234660064,0.06970054592437214,0.3305857075855476,0.2608851616611755,True
1,3,300,20260826,pm,0.5992073617341197,0.5300856821899467,0.25386686611065384,0.06912167954417303,0.34534049562346586,0.27621881607929283,True
1,3,300,20260827,cons,0.45343315007029555,0.4874279213578067,0.3672426704160935,-0.03399477128751116,0.08619047965420207,0.12018525094171323,False
1,3,300,20260827,cons_full,0.4247763974251374,0.48840922606165904,0.3820972989531789,-0.06363282863652164,0.0426790984719585,0.10631192710848014,False
1,3,300,20260827,loc,0.13266666666666668,0.11,0.03866666666666667,0.022666666666666682,0.09400000000000001,0.07133333333333333,True
1,3,300,20260827,obs,0.5536073299321482,0.5082817222421948,0.2738194646249164,0.04532560768995342,0.2797878653072318,0.2344622576172784,True
1,3,300,20260827,pm,0.5992073617341197,0.5527592927861031,0.3016224939777737,0.04644806894801656,0.297584867756346,0.25113679880832945,True
1,3,300,20260828,cons,0.45343315007029555,0.4807970676019025,0.3355941025248748,-0.02736391753160694,0.11783904754542074,0.14520296507702768,False
1,3,300,20260828,cons_full,0.4247763974251374,0.4862838912347319,0.3757072454817988,-0.06150749380959453,0.04906915194333861,0.11057664575293313,False
1,3,300,20260828,loc,0.13266666666666668,0.10933333333333332,0.03933333333333334,0.02333333333333336,0.09333333333333335,0.06999999999999998,True
1,3,300,20260828,obs,0.5536073299321482,0.49046257876628974,0.21806247649502095,0.06314475116585849,0.33554485343712726,0.27240010227126876,True
1,3,300,20260828,pm,0.5992073617341197,0.5409216934837409,0.2559949530681857,0.05828566825037884,0.343212408665934,0.28492674041555516,True
1,3,300,20260829,cons,0.45343315007029555,0.4813033681305051,0.3519579229028352,-0.02787021806020956,0.10147522716746038,0.12934544522766994,False
1,3,300,20260829,cons_full,0.4247763974251374,0.48676591304599104,0.3809076724890633,-0.06198951562085364,0.04386872493607408,0.10585824055692772,False
1,3,300,20260829,loc,0.13266666666666668,0.11666666666666667,0.04266666666666667,0.016000000000000014,0.09000000000000001,0.074,True
1,3,300,20260829,obs,0.5536073299321482,0.49593601782723795,0.24420465344284717,0.05767131210491028,0.3094026764893011,0.2517313643843908,True
1,3,300,20260829,pm,0.5992073617341197,0.5420130079159101,0.2748944647039797,0.05719435381820959,0.32431289703014,0.2671185432119304,True
1,3,300,20260830,cons,0.45343315007029555,0.48294028956073337,0.36861242183808246,-0.029507139490437817,0.0848207282322131,0.11432786772265091,False
1,3,300,20260830,cons_full,0.4247763974251374,0.48657164465559405,0.38149618633728666,-0.06179524723045665,0.04328021108785074,0.10507545831830739,False
1,3,300,20260830,loc,0.13266666666666668,0.10699999999999998,0.024,0.0256666666666667,0.10866666666666669,0.08299999999999999,True
1,3,300,20260830,obs,0.5536073299321482,0.47930924919293144,0.2379049385592198,0.07429808073921679,0.31570239137292844,0.24140431063371165,True
1,3,300,20260830,pm,0.5992073617341197,0.5193014953405153,0.25848556388526484,0.07990586639360442,0.34072179784885487,0.26081593145525045,True
1,4,400,20260826,cons,0.44678048109816043,0.48574773790523906,0.3636040860194903,-0.03896725680707863,0.08317639507867014,0.12214365188574877,False
1,4,400,20260826,cons_full,0.4247763974251374,0.4876488217304923,0.37825947758197226,-0.06287242430535489,0.04651691984316514,0.10938934414852003,False
1,4,400,20260826,loc,0.1225,0.1065,0.014249999999999999,0.016,0.10825,0.09225,True
1,4,400,20260826,obs,0.5648959946078752,0.49673376246390444,0.22936032909813472,0.06816223214397077,0.33553566550974046,0.2673734333657697,True
1,4,400,20260826,pm,0.616577551820048,0.5585630710533167,0.28248502239942624,0.058014480766731324,0.3340925294206218,0.27607804865389046,True
1,4,400,20260827,cons,0.44678048109816043,0.48431644364632614,0.3651036811262768,-0.03753596254816571,0.08167679997188365,0.11921276252004936,False
1,4,400,20260827,cons_full,0.4247763974251374,0.48840922606165904,0.3820972989531789,-0.06363282863652164,0.0426790984719585,0.10631192710848014,False
1,4,400,20260827,loc,0.1225,0.10475000000000001,0.019999999999999997,0.017749999999999988,0.10250000000000001,0.08475000000000002,True
1,4,400,20260827,obs,0.5648959946078752,0.512257955263044,0.2649395286326803,0.052638039344831244,0.29995646597519493,0.24731842663036369,True
1,4,400,20260827,pm,0.616577551820048,0.5634247705512081,0.2976298252001491,0.05315278126883993,0.31894772661989895,0.265794945351059,True
1,4,400,20260828,cons,0.44678048109816043,0.478501726152386,0.3455116094513519,-0.03172124505422558,0.10126887164680853,0.1329901167010341,False
1,4,400,20260828,cons_full,0.4247763974251374,0.4862838912347319,0.3757072454817988,-0.06150749380959453,0.04906915194333861,0.11057664575293313,False
1,4,400,20260828,loc,0.1225,0.08800000000000001,0.0245,0.03449999999999999,0.098,0.0635,True
1,4,400,20260828,obs,0.5648959946078752,0.49954399632453794,0.22918205205194106,0.06535199828333726,0.3357139425559341,0.27036194427259685,True
1,4,400,20260828,pm,0.616577551820048,0.5535137505824517,0.2664294485252843,0.06306380123759636,0.35014810329476376,0.2870843020571674,True
1,4,400,20260829,cons,0.44678048109816043,0.4777223188466424,0.3504227567306307,-0.03094183774848197,0.0963577243675297,0.12729956211601168,False
1,4,400,20260829,cons_full,0.4247763974251374,0.48676591304599104,0.3809076724890633,-0.06198951562085364,0.04386872493607408,0.10585824055692772,False
1,4,400,20260829,loc,0.1225,0.10800000000000001,0.03175,0.014499999999999985,0.09075,0.07625000000000001,True
1,4,400,20260829,obs,0.5648959946078752,0.5072279042878391,0.24768540437485678,0.05766809032003606,0.31721059023301845,0.2595424999129824,True
1,4,400,20260829,pm,0.616577551820048,0.5660146691091416,0.29533824763982164,0.050562882710906476,0.3212393041802264,0.2706764214693199,True
1,4,400,20260830,cons,0.44678048109816043,0.48178201930279246,0.36584254081106543,-0.03500153820463203,0.080937940287095,0.11593947849172703,False
1,4,400,20260830,cons_full,0.4247763974251374,0.48657164465559405,0.38149618633728666,-0.06179524723045665,0.04328021108785074,0.10507545831830739,False
1,4,400,20260830,loc,0.1225,0.09425,0.021,0.028249999999999997,0.10149999999999999,0.07325,True
1,4,400,20260830,obs,0.5648959946078752,0.49446754960952305,0.24365056230661558,0.07042844499835216,0.3212454323012596,0.25081698730290747,True
1,4,400,20260830,pm,0.616577551820048,0.5552285492458457,0.29557213529936094,0.06134900257420228,0.3210054165206871,0.2596564139464848,True
1,5,500,20260826,cons,0.4497698490972476,0.48720724723012304,0.36470928642149975,-0.037437398132875443,0.08506056267574785,0.1224979608086233,False
1,5,500,20260826,cons_full,0.4247763974251374,0.4876488217304923,0.37825947758197226,-0.06287242430535489,0.04651691984316514,0.10938934414852003,False
1,5,500,20260826,loc,0.11,0.0908,0.009600000000000001,0.019199999999999995,0.1004,0.08120000000000001,True
1,5,500,20260826,obs,0.5583233067007654,0.48568337100185366,0.2202339547230196,0.0726399356989117,0.33808935197774576,0.26544941627883406,True
1,5,500,20260826,pm,,,,,,,False
1,5,500,20260827,cons,0.4497698490972476,0.48179000707356384,0.35797048853814967,-0.032020157976316244,0.09179936055909793,0.12381951853541417,False
1,5,500,20260827,cons_full,0.4247763974251374,0.48840922606165904,0.3820972989531789,-0.06363282863652164,0.0426790984719585,0.10631192710848014,False
1,5,500,20260827,loc,0.11,0.0882,0.018400000000000003,0.0218,0.0916,0.0698,True
1,5,500,20260827,obs,0.5583233067007654,0.5032539508818704,0.2587721931246623,0.05506935581889494,0.29955111357610303,0.2444817577572081,True
1,5,500,20260827,pm,,,,,,,False
1,5,500,20260828,cons,0.4497698490972476,0.4824478656030105,0.34743293850903567,-0.03267801650576291,0.10233691058821193,0.13501492709397483,False
1,5,500,20260828,cons_full,0.4247763974251374,0.4862838912347319,0.3757072454817988,-0.06150749380959453,0.04906915194333861,0.11057664575293313,False
1,5,500,20260828,loc,0.11,0.0736,0.018,0.0364,0.092,0.0556,True
1,5,500,20260828,obs,0.5583233067007654,0.4909576323209513,0.22031011089142946,0.06736567437981406,0.33801319580933586,0.27064752142952186,True
1,5,500,20260828,pm,,,,,,,False
1,5,500,20260829,cons,0.4497698490972476,0.4814540294810456,0.35351888883747223,-0.031684180383798,0.09625096025977536,0.12793514064357336,False
1,5,500,20260829,cons_full,0.4247763974251374,0.48676591304599104,0.3809076724890633,-0.06198951562085364,0.04386872493607408,0.10585824055692772,False
1,5,500,20260829,loc,0.11,0.09040000000000001,0.0222,0.019599999999999992,0.0878,0.06820000000000001,True
1,5,500,20260829,obs,0.5583233067007654,0.49806836348921046,0.24146633389737485,0.06025494321155489,0.31685697280339054,0.25660202959183565,True
1,5,500,20260829,pm,,,,,,,False
1,5,500,20260830,cons,0.4497698490972476,0.48331791707315,0.3648699506210627,-0.03354806797590243,0.0848998984761849,0.11844796645208733,False
1,5,500,20260830,cons_full,0.4247763974251374,0.48657164465559405,0.38149618633728666,-0.06179524723045665,0.04328021108785074,0.10507545831830739,False
1,5,500,20260830,loc,0.11,0.087,0.0166,0.023000000000000007,0.0934,0.07039999999999999,True
1,5,500,20260830,obs,0.5583233067007654,0.4909540666365875,0.24616309895045707,0.06736924006417783,0.3121602077503083,0.24479096768613046,True
1,5,500,20260830,pm,,,,,,,False
2,1,100,20260826,cons,0.4031854667512124,0.5028891086275525,0.4172705556585074,-0.09970364187634012,-0.014085088907294985,0.08561855296904514,False
2,1,100,20260826,cons_full,0.4247763974251374,0.4876488217304923,0.37825947758197226,-0.06287242430535489,0.04651691984316514,0.10938934414852003,False
2,1,100,20260826,loc,0.237,0.188,0.07,0.04899999999999999,0.16699999999999998,0.118,True
2,1,100,20260826,obs,0.45124494210971544,0.33718051050588377,0.13576294508941464,0.11406443160383167,0.3154819970203008,0.20141756541646913,True
2,1,100,20260826,pm,0.4043163596850797,0.3053041638257836,0.12632626445348275,0.09901219585929605,0.2779900952315969,0.17897789937230088,True
2,1,100,20260827,cons,0.4031854667512124,0.49628800054450867,0.41700237929474504,-0.09310253379329625,-0.013816912543532622,0.07928562124976363,False
2,1,100,20260827,cons_full,0.4247763974251374,0.48840922606165904,0.3820972989531789,-0.06363282863652164,0.0426790984719585,0.10631192710848014,False
2,1,100,20260827,loc,0.237,0.171,0.064,0.06599999999999998,0.173,0.10700000000000001,True
2,1,100,20260827,obs,0.45124494210971544,0.3768788852749481,0.19631204250479092,0.07436605683476732,0.2549328996049245,0.1805668427701572,True
2,1,100,20260827,pm,0.4043163596850797,0.3385981651261575,0.1772799237805421,0.0657181945589222,0.22703643590453756,0.16131824134561537,True
2,1,100,20260828,cons,0.4031854667512124,0.4866246329647415,0.37712707915832416,-0.08343916621352909,0.026058387592888255,0.10949755380641735,False
2,1,100,20260828,cons_full,0.4247763974251374,0.4862838912347319,0.3757072454817988,-0.06150749380959453,0.04906915194333861,0.11057664575293313,False
2,1,100,20260828,loc,0.237,0.18600000000000005,0.08299999999999999,0.050999999999999934,0.154,0.10300000000000006,True
2,1,100,20260828,obs,0.45124494210971544,0.3897357555499624,0.18285145355987195,0.061509186559753015,0.26839348854984346,0.20688430199009047,True
2,1,100,20260828,pm,0.4043163596850797,0.3379714070019822,0.1464868910733606,0.06634495268309748,0.25782946861171907,0.1914845159286216,True
2,1,100,20260829,cons,0.4031854667512124,0.4893738822917823,0.38866381685672874,-0.08618841554056988,0.01452164989448368,0.10071006543505356,False
2,1,100,20260829,cons_full,0.4247763974251374,0.48676591304599104,0.3809076724890633,-0.06198951562085364,0.04386872493607408,0.10585824055692772,False
2,1,100,20260829,loc,0.237,0.20099999999999998,0.10699999999999997,0.036000000000000004,0.13,0.09400000000000001,True
2,1,100,20260829,obs,0.45124494210971544,0.3610998866547427,0.15110824455431987,0.09014505545497276,0.30013669755539557,0.20999164210042282,True
2,1,100,20260829,pm,0.4043163596850797,0.32931696839100505,0.144172298663136,0.07499939129407462,0.26014406102194365,0.18514466972786905,True
2,1,100,20260830,cons,0.4031854667512124,0.4926137216448892,0.40623895417081474,-0.08942825489367678,-0.0030534874196023187,0.08637476747407447,False
2,1,100,20260830,cons_full,0.4247763974251374,0.48657164465559405,0.38149618633728666,-0.06179524723045665,0.04328021108785074,0.10507545831830739,False
2,1,100,20260830,loc,0.237,0.16400000000000003,0.052000000000000005,0.07299999999999995,0.185,0.11200000000000003,True
2,1,100,20260830,obs,0.45124494210971544,0.3373420607440491,0.14999058004302854,0.11390288136566634,0.3012543620666869,0.18735148070102056,True
2,1,100,20260830,pm,0.4043163596850797,0.30399776042490445,0.13686721598212695,0.10031859926017522,0.2674491437029527,0.1671305444427775,True
2,2,200,20260826,cons,0.42541845573236087,0.4724035332086977,0.35868863538338275,-0.046985077476336845,0.06672982034897812,0.11371489782531496,False
2,2,200,20260826,cons_full,0.4247763974251374,0.4876488217304923,0.37825947758197226,-0.06287242430535489,0.04651691984316514,0.10938934414852003,False
2,2,200,20260826,loc,0.16450000000000004,0.11649999999999999,0.014500000000000002,0.04800000000000004,0.15000000000000002,0.102,True
2,2,200,20260826,obs,0.5254676639775233,0.4449530230628526,0.18413480818213557,0.0805146409146707,0.34133285579538775,0.26081821488071705,True
2,2,200,20260826,pm,0.5541664044532528,0.4683993829749143,0.19259364918107477,0.08576702147833853,0.361572755272178,0.27580573379383955,True
2,2,200,20260827,cons,0.42541845573236087,0.466919415674678,0.3619654598178769,-0.04150095994231712,0.06345299591448395,0.10495395585680106,False
2,2,200,20260827,cons_full,0.4247763974251374,0.48840922606165904,0.3820972989531789,-0.06363282863652164,0.0426790984719585,0.10631192710848014,False
2,2,200,20260827,loc,0.16450000000000004,0.1295,0.045,0.03500000000000003,0.11950000000000004,0.0845,True
2,2,200,20260827,obs,0.5254676639775233,0.48682408662259186,0.27250884096450284,0.03864357735493146,0.2529588230130205,0.21431524565808902,True
2,2,200,20260827,pm,0.5541664044532528,0.5110943442914455,0.2828909438301976,0.04307206016180731,0.27127546062305524,0.22820340046124793,True
2,2,200,20260828,cons,0.42541845573236087,0.4586233243133543,0.3301966639056623,-0.03320486858099342,0.09522179182669854,0.12842666040769196,False
2,2,200,20260828,cons_full,0.4247763974251374,0.4862838912347319,0.3757072454817988,-0.06150749380959453,0.04906915194333861,0.11057664575293313,False
2,2,200,20260828,loc,0.16450000000000004,0.14150000000000001,0.069,0.02300000000000002,0.09550000000000003,0.07250000000000001,True
2,2,200,20260828,obs,0.5254676639775233,0.4691914837376193,0.21813716401731956,0.056276180239903995,0.3073304999602038,0.2510543197202998,True
2,2,200,20260828,pm,0.5541664044532528,0.5044360764855116,0.24880859995013085,0.04973032796774124,0.305357804503122,0.25562747653538076,True
2,2,200,20260829,cons,0.42541845573236087,0.4616860049913584,0.34018560472424814,-0.036267549258997556,0.08523285100811273,0.12150040026711029,False
2,2,200,20260829,cons_full,0.4247763974251374,0.48676591304599104,0.3809076724890633,-0.06198951562085364,0.04386872493607408,0.10585824055692772,False
2,2,200,20260829,loc,0.16450000000000004,0.12050000000000001,0.05,0.044000000000000025,0.11450000000000003,0.07050000000000001,True
2,2,200,20260829,obs,0.5254676639775233,0.4550166105157044,0.1970361282904423,0.0704510534618189,0.32843153568708106,0.25798048222526215,True
2,2,200,20260829,pm,0.5541664044532528,0.47394226451649707,0.1963241487681095,0.08022413993675576,0.35784225568514333,0.2776181157483876,True
2,2,200,20260830,cons,0.42541845573236087,0.46026198855374617,0.35575984604933975,-0.034843532821385303,0.06965860968302112,0.10450214250440643,False
2,2,200,20260830,cons_full,0.4247763974251374,0.48657164465559405,0.38149618633728666,-0.06179524723045665,0.04328021108785074,0.10507545831830739,False
2,2,200,20260830,loc,0.16450000000000004,0.115,0.0365,0.04950000000000003,0.12800000000000003,0.07850000000000001,True
2,2,200,20260830,obs,0.5254676639775233,0.4338869083370594,0.19518125238507456,0.09158075564046392,0.33028641159244876,0.23870565595198484,True
2,2,200,20260830,pm,0.5541664044532528,0.4591203088927093,0.20862876437583203,0.09504609556054355,0.3455376400774208,0.2504915445168773,True
2,3,300,20260826,cons,0.4536416765579587,0.4878454151357829,0.3594303417035237,-0.034203738577824216,0.09421133485443495,0.12841507343225916,False
2,3,300,20260826,cons_full,0.4247763974251374,0.4876488217304923,0.37825947758197226,-0.06287242430535489,0.04651691984316514,0.10938934414852003,False
2,3,300,20260826,loc,0.114,0.09666666666666666,0.015333333333333336,0.01733333333333334,0.09866666666666667,0.08133333333333333,True
2,3,300,20260826,obs,0.5456266481085522,0.48309200049243806,0.2273747310913079,0.06253464761611416,0.3182519170172443,0.25571726940113015,True
2,3,300,20260826,pm,0.5944880209899375,0.5365458001508792,0.2678842993049905,0.05794222083905831,0.32660372168494695,0.26866150084588863,True
2,3,300,20260827,cons,0.4536416765579587,0.4876719859922441,0.37001804922353093,-0.03403030943428542,0.08362362733442774,0.11765393676871316,False
2,3,300,20260827,cons_full,0.4247763974251374,0.48840922606165904,0.3820972989531789,-0.06363282863652164,0.0426790984719585,0.10631192710848014,False
2,3,300,20260827,loc,0.114,0.10066666666666668,0.044333333333333336,0.013333333333333322,0.06966666666666667,0.056333333333333346,True
2,3,300,20260827,obs,0.5456266481085522,0.4986722673103737,0.270844502961122,0.04695438079817854,0.2747821451474302,0.22782776434925167,True
2,3,300,20260827,pm,0.5944880209899375,0.5485273795213923,0.3054032313474229,0.04596064146854517,0.28908478964251455,0.24312414817396938,True
2,3,300,20260828,cons,0.4536416765579587,0.4808021250195855,0.3359377724994895,-0.02716044846162685,0.1177039040584692,0.14486435252009605,False
2,3,300,20260828,cons_full,0.4247763974251374,0.4862838912347319,0.3757072454817988,-0.06150749380959453,0.04906915194333861,0.11057664575293313,False
2,3,300,20260828,loc,0.114,0.08600000000000001,0.02966666666666666,0.027999999999999997,0.08433333333333334,0.056333333333333346,True
2,3,300,20260828,obs,0.5456266481085522,0.49061254619282973,0.2269906157427248,0.05501410191572248,0.3186360323658274,0.26362193045010496,True
2,3,300,20260828,pm,0.5944880209899375,0.5471282034026403,0.27272367477009296,0.047359817587297126,0.3217643462198445,0.2744045286325474,True
2,3,300,20260829,cons,0.4536416765579587,0.4814860031125448,0.3527031556558468,-0.02784432655458613,0.10093852090211186,0.128782847456698,False
2,3,300,20260829,cons_full,0.4247763974251374,0.48676591304599104,0.3809076724890633,-0.06198951562085364,0.04386872493607408,0.10585824055692772,False
2,3,300,20260829,loc,0.114,0.09899999999999999,0.039666666666666676,0.015000000000000013,0.07433333333333333,0.059333333333333314,True
2,3,300,20260829,obs,0.5456266481085522,0.491441401071393,0.2452909480288798,0.05418524703715921,0.3003357000796724,0.2461504530425132,True
2,3,300,20260829,pm,0.5944880209899375,0.5475337420271489,0.29191680826858735,0.04695427896278859,0.3025712127213501,0.25561693375856154,True
2,3,300,20260830,cons,0.4536416765579587,0.4833674923287021,0.369061777607704,-0.029725815770743402,0.0845798989502547,0.1143057147209981,False
2,3,300,20260830,cons_full,0.4247763974251374,0.48657164465559405,0.38149618633728666,-0.06179524723045665,0.04328021108785074,0.10507545831830739,False
2,3,300,20260830,loc,0.114,0.09166666666666666,0.03,0.022333333333333344,0.084,0.06166666666666666,True
2,3,300,20260830,obs,0.5456266481085522,0.4777249519649986,0.24413360442267507,0.06790169614355362,0.30149304368587715,0.23359134754232352,True
2,3,300,20260830,pm,0.5944880209899375,0.5242639461853964,0.27323891571498515,0.07022407480454107,0.3212491052749523,0.25102503047041125,True
2,4,400,20260826,cons,0.4480394214446121,0.48695769166052655,0.3683540598398366,-0.03891827021591443,0.07968536160477552,0.11860363182068995,False
2,4,400,20260826,cons_full,0.4247763974251374,0.4876488217304923,0.37825947758197226,-0.06287242430535489,0.04651691984316514,0.10938934414852003,False
2,4,400,20260826,loc,0.10675000000000001,0.10074999999999999,0.015499999999999998,0.006000000000000019,0.09125000000000001,0.08524999999999999,True
2,4,400,20260826,obs,0.5567676950053745,0.49225407673826277,0.24076642319592487,0.06451361826711172,0.3160012718094496,0.25148765354233793,True
2,4,400,20260826,pm,0.6029592805019977,0.5466186428779987,0.2867404802323003,0.05634063762399899,0.31621880026969734,0.25987816264569835,True
2,4,400,20260827,cons,0.4480394214446121,0.4840692135510385,0.36264521316488146,-0.03602979210642637,0.08539420827973065,0.12142400038615703,False
2,4,400,20260827,cons_full,0.4247763974251374,0.48840922606165904,0.3820972989531789,-0.06363282863652164,0.0426790984719585,0.10631192710848014,False
2,4,400,20260827,loc,0.10675000000000001,0.09149999999999998,0.02475,0.015250000000000027,0.08200000000000002,0.06674999999999998,True
2,4,400,20260827,obs,0.5567676950053745,0.4999294787377899,0.25271422052881287,0.05683821626758456,0.3040534744765616,0.24721525820897705,True
2,4,400,20260827,pm,0.6029592805019977,0.5498749030137686,0.29017840372451587,0.05308437748822903,0.3127808767774818,0.25969649928925276,True
2,4,400,20260828,cons,0.4480394214446121,0.4800401715997477,0.3458681816794484,-0.03200075015513559,0.10217123976516373,0.13417198992029933,False
2,4,400,20260828,cons_full,0.4247763974251374,0.4862838912347319,0.3757072454817988,-0.06150749380959453,0.04906915194333861,0.11057664575293313,False
2,4,400,20260828,loc,0.10675000000000001,0.08125,0.0225,0.02550000000000001,0.08425000000000002,0.058750000000000004,True
2,4,400,20260828,obs,0.5567676950053745,0.4877277378913784,0.218008293722761,0.06903995711399608,0.3387594012826135,0.2697194441686174,True
2,4,400,20260828,pm,0.6029592805019977,0.5456218353171829,0.27002353008901,0.05733744518481476,0.3329357504129877,0.2755983052281729,True
2,4,400,20260829,cons,0.4480394214446121,0.4764142050700905,0.3528632190534474,-0.028374783625478406,0.0951762023911647,0.1235509860166431,False
2,4,400,20260829,cons_full,0.4247763974251374,0.48676591304599104,0.3809076724890633,-0.06198951562085364,0.04386872493607408,0.10585824055692772,False
2,4,400,20260829,loc,0.10675000000000001,0.1,0.03625,0.006750000000000006,0.07050000000000001,0.06375,True
2,4,400,20260829,obs,0.5567676950053745,0.5026262363682196,0.260643098098013,0.054141458637154916,0.2961245969073615,0.24198313827020657,True
2,4,400,20260829,pm,0.6029592805019977,0.5573929740745592,0.3082616636652697,0.04556630642743842,0.29469761683672796,0.24913131040928954,True
2,4,400,20260830,cons,0.4480394214446121,0.4791961571005085,0.36109430128650055,-0.031156735655896384,0.08694512015811157,0.11810185581400795,False
2,4,400,20260830,cons_full,0.4247763974251374,0.48657164465559405,0.38149618633728666,-0.06179524723045665,0.04328021108785074,0.10507545831830739,False
2,4,400,20260830,loc,0.10675000000000001,0.085,0.021750000000000002,0.021750000000000005,0.085,0.06325,True
2,4,400,20260830,obs,0.5567676950053745,0.4874311465860742,0.2426385331438041,0.06933654841930026,0.31412916186157036,0.24479261344227013,True
2,4,400,20260830,pm,0.6029592805019977,0.5360021457339272,0.27827806449473796,0.06695713476807041,0.3246812160072597,0.2577240812391893,True
2,5,500,20260826,cons,0.4477476237993057,0.48748651873863,0.3659517756155907,-0.03973889493932431,0.08179584818371499,0.1215347431230393,False
2,5,500,20260826,cons_full,0.4247763974251374,0.4876488217304923,0.37825947758197226,-0.06287242430535489,0.04651691984316514,0.10938934414852003,False
2,5,500,20260826,loc,0.1044,0.0864,0.009,0.018000000000000002,0.09540000000000001,0.07740000000000001,True
2,5,500,20260826,obs,0.5489063799437293,0.47901027073559393,0.22415595337094624,0.06989610920813533,0.324750426572783,0.2548543173646477,True
2,5,500,20260826,pm,,,,,,,False
2,5,500,20260827,cons,0.4477476237993057,0.4830552742286186,0.3629441014846823,-0.03530765042931289,0.0848035223146234,0.12011117274393629,False
2,5,500,20260827,cons_full,0.4247763974251374,0.48840922606165904,0.3820972989531789,-0.06363282863652164,0.0426790984719585,0.10631192710848014,False
2,5,500,20260827,loc,0.1044,0.084,0.02,0.0204,0.0844,0.064,True
2,5,500,20260827,obs,0.5489063799437293,0.4910352451906891,0.25025464589454377,0.057871134753040177,0.2986517340491855,0.24078059929614531,True
2,5,500,20260827,pm,,,,,,,False
2,5,500,20260828,cons,0.4477476237993057,0.48215657763322156,0.345831677788186,-0.034408953833915845,0.1019159460111197,0.13632489984503554,False
2,5,500,20260828,cons_full,0.4247763974251374,0.4862838912347319,0.3757072454817988,-0.06150749380959453,0.04906915194333861,0.11057664575293313,False
2,5,500,20260828,loc,0.1044,0.0696,0.014600000000000002,0.03480000000000001,0.0898,0.05499999999999999,True
2,5,500,20260828,obs,0.5489063799437293,0.4788330791361594,0.20628700292286908,0.07007330080756985,0.3426193770208602,0.2725460762132903,True
2,5,500,20260828,pm,,,,,,,False
2,5,500,20260829,cons,0.4477476237993057,0.4812006112765376,0.35596196159618276,-0.03345298747723191,0.09178566220312295,0.12523864968035486,False
2,5,500,20260829,cons_full,0.4247763974251374,0.48676591304599104,0.3809076724890633,-0.06198951562085364,0.04386872493607408,0.10585824055692772,False
2,5,500,20260829,loc,0.1044,0.0912,0.026600000000000002,0.013200000000000003,0.07780000000000001,0.0646,True
2,5,500,20260829,obs,0.5489063799437293,0.4919357278445677,0.24724525377918777,0.05697065209916158,0.3016611261645415,0.24469047406537991,True
2,5,500,20260829,pm,,,,,,,False
2,5,500,20260830,cons,0.4477476237993057,0.48063023380038866,0.359475067213002,-0.032882610001082946,0.08827255658630373,0.12115516658738668,False
2,5,500,20260830,cons_full,0.4247763974251374,0.48657164465559405,0.38149618633728666,-0.06179524723045665,0.04328021108785074,0.10507545831830739,False
2,5,500,20260830,loc,0.1044,0.08180000000000001,0.017200000000000003,0.022599999999999995,0.0872,0.0646,True
2,5,500,20260830,obs,0.5489063799437293,0.48368080522644225,0.2417268607568728,0.06522557471728702,0.3071795191868565,0.24195394446956944,True
2,5,500,20260830,pm,,,,,,,False
3,1,100,20260826,cons,0.4031854667512124,0.5028891086275525,0.4172705556585074,-0.09970364187634012,-0.014085088907294985,0.08561855296904514,False
3,1,100,20260826,cons_full,0.4247763974251374,0.4876488217304923,0.37825947758197226,-0.06287242430535489,0.04651691984316514,0.10938934414852003,False
3,1,100,20260826,loc,0.237,0.188,0.07,0.04899999999999999,0.16699999999999998,0.118,True
3,1,100,20260826,obs,0.45124494210971544,0.33718051050588377,0.13576294508941464,0.11406443160383167,0.3154819970203008,0.20141756541646913,True
3,1,100,20260826,pm,0.4069195058150134,0.3085749203764542,0.12905540339194746,0.09834458543855923,0.2778641024230659,0.17951951698450672,True
3,1,100,20260827,cons,0.4031854667512124,0.49628800054450867,0.41700237929474504,-0.09310253379329625,-0.013816912543532622,0.07928562124976363,False
3,1,100,20260827,cons_full,0.4247763974251374,0.48840922606165904,0.3820972989531789,-0.06363282863652164,0.0426790984719585,0.10631192710848014,False
3,1,100,20260827,loc,0.237,0.171,0.064,0.06599999999999998,0.173,0.10700000000000001,True
3,1,100,20260827,obs,0.45124494210971544,0.3768788852749481,0.19631204250479092,0.07436605683476732,0.2549328996049245,0.1805668427701572,True
3,1,100,20260827,pm,0.4069195058150134,0.33191402654534596,0.16499862570001528,0.07500547926966744,0.24192088011499813,0.16691540084533069,True
3,1,100,20260828,cons,0.4031854667512124,0.4866246329647415,0.37712707915832416,-0.08343916621352909,0.026058387592888255,0.10949755380641735,False
3,1,100,20260828,cons_full,0.4247763974251374,0.4862838912347319,0.3757072454817988,-0.06150749380959453,0.04906915194333861,0.11057664575293313,False
3,1,100,20260828,loc,0.237,0.18600000000000005,0.08299999999999999,0.050999999999999934,0.154,0.10300000000000006,True
3,1,100,20260828,obs,0.45124494210971544,0.3897357555499624,0.18285145355987195,0.061509186559753015,0.26839348854984346,0.20688430199009047,True
3,1,100,20260828,pm,0.4069195058150134,0.3356571943072153,0.14049506178426666,0.0712623115077981,0.2664244440307467,0.19516213252294864,True
3,1,100,20260829,cons,0.4031854667512124,0.4893738822917823,0.38866381685672874,-0.08618841554056988,0.01452164989448368,0.10071006543505356,False
3,1,100,20260829,cons_full,0.4247763974251374,0.48676591304599104,0.3809076724890633,-0.06198951562085364,0.04386872493607408,0.10585824055692772,False
3,1,100,20260829,loc,0.237,0.20099999999999998,0.10699999999999997,0.036000000000000004,0.13,0.09400000000000001,True
3,1,100,20260829,obs,0.45124494210971544,0.3610998866547427,0.15110824455431987,0.09014505545497276,0.30013669755539557,0.20999164210042282,True
3,1,100,20260829,pm,0.4069195058150134,0.33960836476432577,0.15753121357203748,0.06731114105068764,0.24938829224297593,0.1820771511922883,True
3,1,100,20260830,cons,0.4031854667512124,0.4926137216448892,0.40623895417081474,-0.08942825489367678,-0.0030534874196023187,0.08637476747407447,False
3,1,100,20260830,cons_full,0.4247763974251374,0.48657164465559405,0.38149618633728666,-0.06179524723045665,0.04328021108785074,0.10507545831830739,False
3,1,100,20260830,loc,0.237,0.16400000000000003,0.052000000000000005,0.07299999999999995,0.185,0.11200000000000003,True
3,1,100,20260830,obs,0.45124494210971544,0.3373420607440491,0.14999058004302854,0.11390288136566634,0.3012543620666869,0.18735148070102056,True
3,1,100,20260830,pm,0.4069195058150134,0.30198556442280683,0.13209687214996,0.10493394139220658,0.27482263366505344,0.16988869227284684,True
3,2,200,20260826,cons,0.42968463457453027,0.4760550575766541,0.3619206590950553,-0.04637042300212385,0.06776397547947499,0.11413439848159884,False
3,2,200,20260826,cons_full,0.4247763974251374,0.4876488217304923,0.37825947758197226,-0.06287242430535489,0.04651691984316514,0.10938934414852003,False
3,2,200,20260826,loc,0.19399999999999998,0.128,0.0165,0.06599999999999998,0.1775,0.1115,True
3,2,200,20260826,obs,0.5482719967541202,0.46623604367146376,0.19828503083092786,0.08203595308265643,0.34998696592319234,0.2679510128405359,True
3,2,200,20260826,pm,0.5829415249378641,0.5027036391225198,0.22386014379236877,0.0802378858153443,0.35908138114549537,0.27884349533015107,True
3,2,200,20260827,cons,0.42968463457453027,0.4717376234445198,0.36428816214779286,-0.04205298886998954,0.0653964724267374,0.10744946129672694,False
3,2,200,20260827,cons_full,0.4247763974251374,0.48840922606165904,0.3820972989531789,-0.06363282863652164,0.0426790984719585,0.10631192710848014,False
3,2,200,20260827,loc,0.19399999999999998,0.14500000000000002,0.04050000000000001,0.04899999999999996,0.15349999999999997,0.10450000000000001,True
3,2,200,20260827,obs,0.5482719967541202,0.508190862830791,0.2826284816547356,0.04008113392332924,0.2656435150993846,0.22556238117605537,True
3,2,200,20260827,pm,0.5829415249378641,0.55534794454287,0.329697922923148,0.027593580394994155,0.25324360201471613,0.22565002161972197,True
3,2,200,20260828,cons,0.42968463457453027,0.46107006437573306,0.3329909400629533,-0.03138542980120279,0.09669369451157694,0.12807912431277974,False
3,2,200,20260828,cons_full,0.4247763974251374,0.4862838912347319,0.3757072454817988,-0.06150749380959453,0.04906915194333861,0.11057664575293313,False
3,2,200,20260828,loc,0.19399999999999998,0.15600000000000003,0.068,0.03799999999999995,0.12599999999999997,0.08800000000000002,True
3,2,200,20260828,obs,0.5482719967541202,0.48884460011814657,0.22864200786093167,0.05942739663597363,0.3196299888931885,0.26020259225721487,True
3,2,200,20260828,pm,0.5829415249378641,0.5297017802864551,0.2627210897561442,0.053239744651409016,0.3202204351817199,0.26698069053031087,True
3,2,200,20260829,cons,0.42968463457453027,0.46481949818011614,0.33936258731781355,-0.035134863605585875,0.09032204725671672,0.1254569108623026,False
3,2,200,20260829,cons_full,0.4247763974251374,0.48676591304599104,0.3809076724890633,-0.06198951562085364,0.04386872493607408,0.10585824055692772,False
3,2,200,20260829,loc,0.19399999999999998,0.14800000000000002,0.06,0.04599999999999996,0.13399999999999998,0.08800000000000002,True
3,2,200,20260829,obs,0.5482719967541202,0.4778412489720147,0.21346222643284482,0.07043074778210551,0.33480977032127535,0.2643790225391699,True
3,2,200,20260829,pm,0.5829415249378641,0.5206847470429454,0.2510142903208157,0.06225677789491868,0.33192723461704843,0.26967045672212975,True
3,2,200,20260830,cons,0.42968463457453027,0.4639470059767387,0.3503368280965904,-0.03426237140220845,0.07934780647793988,0.11361017788014832,False
3,2,200,20260830,cons_full,0.4247763974251374,0.48657164465559405,0.38149618633728666,-0.06179524723045665,0.04328021108785074,0.10507545831830739,False
3,2,200,20260830,loc,0.19399999999999998,0.136,0.036500000000000005,0.05799999999999997,0.15749999999999997,0.0995,True
3,2,200,20260830,obs,0.5482719967541202,0.45409752414425764,0.1931734413299418,0.09417447260986256,0.3550985554241784,0.26092408281431584,True
3,2,200,20260830,pm,0.5829415249378641,0.49042411408288294,0.21940200352084144,0.09251741085498116,0.36353952141702267,0.2710221105620415,True
3,3,300,20260826,cons,0.45367166377997925,0.4903540831942016,0.36467176384796635,-0.036682419414222345,0.0889998999320129,0.12568231934623525,False
3,3,300,20260826,cons_full,0.4247763974251374,0.4876488217304923,0.37825947758197226,-0.06287242430535489,0.04651691984316514,0.10938934414852003,False
3,3,300,20260826,loc,0.14533333333333334,0.11599999999999999,0.015666666666666666,0.02933333333333335,0.12966666666666668,0.10033333333333333,True
3,3,300,20260826,obs,0.5643194665054055,0.4935779681153956,0.2247790482734274,0.07074149839000993,0.3395404182319781,0.26879891984196824,True
3,3,300,20260826,pm,0.5940644200393305,0.531319647173506,0.25968428144774136,0.06274477286582447,0.3343801385915891,0.27163536572576463,True
3,3,300,20260827,cons,0.45367166377997925,0.48641521324562814,0.3657175656838388,-0.03274354946564889,0.08795409809614047,0.12069764756178936,False
3,3,300,20260827,cons_full,0.4247763974251374,0.48840922606165904,0.3820972989531789,-0.06363282863652164,0.0426790984719585,0.10631192710848014,False
3,3,300,20260827,loc,0.14533333333333334,0.118,0.03166666666666667,0.02733333333333335,0.11366666666666667,0.08633333333333332,True
3,3,300,20260827,obs,0.5643194665054055,0.5162281309741715,0.27780621493165725,0.048091335531234014,0.2865132515737483,0.23842191604251428,True
3,3,300,20260827,pm,0.5940644200393305,0.5587670406869824,0.323014706200478,0.03529737935234811,0.27104971383885246,0.23575233448650434,True
3,3,300,20260828,cons,0.45367166377997925,0.4838852148945732,0.3400331624878527,-0.03021355111459395,0.11363850129212655,0.1438520524067205,False
3,3,300,20260828,cons_full,0.4247763974251374,0.4862838912347319,0.3757072454817988,-0.06150749380959453,0.04906915194333861,0.11057664575293313,False
3,3,300,20260828,loc,0.14533333333333334,0.11033333333333334,0.028333333333333332,0.035,0.117,0.082,True
3,3,300,20260828,obs,0.5643194665054055,0.49802704485531646,0.21777654207784466,0.06629242165008908,0.34654292442756085,0.28025050277747177,True
3,3,300,20260828,pm,0.5940644200393305,0.5388814628351479,0.25810275685854006,0.05518295720418254,0.3359616631807904,0.28077870597660787,True
3,3,300,20260829,cons,0.45367166377997925,0.4810833003617577,0.34327850295575907,-0.027411636581778476,0.11039316082422018,0.13780479740599866,False
3,3,300,20260829,cons_full,0.4247763974251374,0.48676591304599104,0.3809076724890633,-0.06198951562085364,0.04386872493607408,0.10585824055692772,False
3,3,300,20260829,loc,0.14533333333333334,0.12,0.041,0.025333333333333347,0.10433333333333333,0.07899999999999999,True
3,3,300,20260829,obs,0.5643194665054055,0.49689184227725464,0.22532728701957827,0.0674276242281509,0.33899217948582727,0.27156455525767637,True
3,3,300,20260829,pm,0.5940644200393305,0.5327418632898934,0.25639163581305197,0.061322556749437096,0.3376727842262785,0.2763502274768414,True
3,3,300,20260830,cons,0.45367166377997925,0.4826072902296069,0.36742113106329866,-0.02893562644962766,0.0862505327166806,0.11518615916630826,False
3,3,300,20260830,cons_full,0.4247763974251374,0.48657164465559405,0.38149618633728666,-0.06179524723045665,0.04328021108785074,0.10507545831830739,False
3,3,300,20260830,loc,0.14533333333333334,0.10866666666666665,0.030333333333333337,0.036666666666666695,0.115,0.07833333333333331,True
3,3,300,20260830,obs,0.5643194665054055,0.4766755696398377,0.2242155599605187,0.08764389686556784,0.34010390654488687,0.25246000967931903,True
3,3,300,20260830,pm,0.5940644200393305,0.516690080081229,0.2640713572685773,0.0773743399581015,0.3299930627707532,0.2526187228126517,True
3,4,400,20260826,cons,0.4419742849593867,0.48217735187248095,0.36806952330775505,-0.040203066913094276,0.07390476165163162,0.1141078285647259,False
3,4,400,20260826,cons_full,0.4247763974251374,0.4876488217304923,0.37825947758197226,-0.06287242430535489,0.04651691984316514,0.10938934414852003,False
3,4,400,20260826,loc,0.1225,0.10575,0.014750000000000001,0.01675,0.10775,0.091,True
3,4,400,20260826,obs,0.5672953585931256,0.5029825419203968,0.2499593086776723,0.06431281667272881,0.31733604991545333,0.2530232332427245,True
3,4,400,20260826,pm,0.573420104044412,0.529804529166362,0.2937147141329184,0.04361557487805001,0.27970538991149363,0.23608981503344362,True
3,4,400,20260827,cons,0.4419742849593867,0.48145723907537563,0.3652068270330656,-0.039482954115988955,0.07676745792632106,0.11625041204231001,False
3,4,400,20260827,cons_full,0.4247763974251374,0.48840922606165904,0.3820972989531789,-0.06363282863652164,0.0426790984719585,0.10631192710848014,False
3,4,400,20260827,loc,0.1225,0.10175000000000001,0.026750000000000003,0.02074999999999999,0.09575,0.07500000000000001,True
3,4,400,20260827,obs,0.5672953585931256,0.5106097561416367,0.2616708070543972,0.0566856024514889,0.3056245515387284,0.2489389490872395,True
3,4,400,20260827,pm,0.573420104044412,0.5250823297985003,0.2817781557335551,0.04833777424591168,0.29164194831085694,0.24330417406494526,True
3,4,400,20260828,cons,0.4419742849593867,0.47745911579503236,0.34480741565064077,-0.035484830835645687,0.0971668693087459,0.1326517001443916,False
3,4,400,20260828,cons_full,0.4247763974251374,0.4862838912347319,0.3757072454817988,-0.06150749380959453,0.04906915194333861,0.11057664575293313,False
3,4,400,20260828,loc,0.1225,0.08925000000000001,0.022750000000000003,0.03324999999999999,0.09974999999999999,0.0665,True
3,4,400,20260828,obs,0.5672953585931256,0.49889556880010766,0.22150702843584213,0.06839978979301797,0.3457883301572835,0.2773885403642655,True
3,4,400,20260828,pm,0.573420104044412,0.5182053881057513,0.2509119142480515,0.055214715938660675,0.32250818979636053,0.26729347385769986,True
3,4,400,20260829,cons,0.4419742849593867,0.47453795932903775,0.3530017678230837,-0.032563674369651074,0.088972517136303,0.12153619150595407,False
3,4,400,20260829,cons_full,0.4247763974251374,0.48676591304599104,0.3809076724890633,-0.06198951562085364,0.04386872493607408,0.10585824055692772,False
3,4,400,20260829,loc,0.1225,0.10925000000000001,0.037000000000000005,0.013249999999999984,0.08549999999999999,0.07225000000000001,True
3,4,400,20260829,obs,0.5672953585931256,0.5086076674429195,0.2588568504718647,0.05868769115020611,0.30843850812126095,0.24975081697105483,True
3,4,400,20260829,pm,0.573420104044412,0.5333637449837063,0.2988909027701768,0.040056359060705704,0.2745292012742352,0.2344728422135295,True
3,4,400,20260830,cons,0.4419742849593867,0.47668104897797503,0.36097985344853656,-0.034706764018588354,0.08099443151085012,0.11570119552943847,False
3,4,400,20260830,cons_full,0.4247763974251374,0.48657164465559405,0.38149618633728666,-0.06179524723045665,0.04328021108785074,0.10507545831830739,False
3,4,400,20260830,loc,0.1225,0.091,0.02375,0.0315,0.09875,0.06725,True
3,4,400,20260830,obs,0.5672953585931256,0.4931047600142729,0.23893973860483614,0.07419059857885274,0.3283556199882895,0.25416502140943675,True
3,4,400,20260830,pm,0.573420104044412,0.5146673052299704,0.27220797343165987,0.05875279881444162,0.30121213061275215,0.24245933179831053,True
3,5,500,20260826,cons,0.44800907555005026,0.488085410231401,0.37025497006631186,-0.040076334681350745,0.0777541054837384,0.11783044016508915,False
3,5,500,20260826,cons_full,0.4247763974251374,0.4876488217304923,0.37825947758197226,-0.06287242430535489,0.04651691984316514,0.10938934414852003,False
3,5,500,20260826,loc,0.1174,0.09519999999999999,0.0088,0.02220000000000001,0.1086,0.08639999999999999,True
3,5,500,20260826,obs,0.5549141974185733,0.48525014873913663,0.23244445276658837,0.06966404867943665,0.3224697446519849,0.25280569597254826,True
3,5,500,20260826,pm,,,,,,,False
3,5,500,20260827,cons,0.44800907555005026,0.48305958462656134,0.35813489676484445,-0.03505050907651108,0.08987417878520582,0.1249246878617169,False
3,5,500,20260827,cons_full,0.4247763974251374,0.48840922606165904,0.3820972989531789,-0.06363282863652164,0.0426790984719585,0.10631192710848014,False
3,5,500,20260827,loc,0.1174,0.09520000000000002,0.019600000000000003,0.022199999999999984,0.0978,0.07560000000000001,True
3,5,500,20260827,obs,0.5549141974185733,0.501111690414084,0.25494733141176507,0.0538025070044893,0.2999668660068082,0.24616435900231892,True
3,5,500,20260827,pm,,,,,,,False
3,5,500,20260828,cons,0.44800907555005026,0.4833458407725447,0.3504756748052345,-0.03533676522249446,0.09753340074481576,0.13287016596731022,False
3,5,500,20260828,cons_full,0.4247763974251374,0.4862838912347319,0.3757072454817988,-0.06150749380959453,0.04906915194333861,0.11057664575293313,False
3,5,500,20260828,loc,0.1174,0.07780000000000001,0.015600000000000001,0.039599999999999996,0.1018,0.062200000000000005,True
3,5,500,20260828,obs,0.5549141974185733,0.4845545844884648,0.2120233572634796,0.0703596129301085,0.3428908401550937,0.2725312272249852,True
3,5,500,20260828,pm,,,,,,,False
3,5,500,20260829,cons,0.44800907555005026,0.48025127056223027,0.3526697911030894,-0.03224219501218001,0.09533928444696088,0.1275814794591409,False
3,5,500,20260829,cons_full,0.4247763974251374,0.48676591304599104,0.3809076724890633,-0.06198951562085364,0.04386872493607408,0.10585824055692772,False
3,5,500,20260829,loc,0.1174,0.09980000000000001,0.025800000000000003,0.01759999999999999,0.0916,0.07400000000000001,True
3,5,500,20260829,obs,0.5549141974185733,0.49297583044032534,0.23984948604444578,0.06193836697824795,0.3150647113741275,0.25312634439587955,True
3,5,500,20260829,pm,,,,,,,False
3,5,500,20260830,cons,0.44800907555005026,0.4813901289406695,0.3583483101740563,-0.03338105339061925,0.08966076537599399,0.12304181876661324,False
3,5,500,20260830,cons_full,0.4247763974251374,0.48657164465559405,0.38149618633728666,-0.06179524723045665,0.04328021108785074,0.10507545831830739,False
3,5,500,20260830,loc,0.1174,0.0884,0.0184,0.028999999999999998,0.099,0.07,True
3,5,500,20260830,obs,0.5549141974185733,0.4867902391651152,0.23682353440380421,0.06812395825345807,0.31809066301476907,0.249966704761311,True
3,5,500,20260830,pm,,,,,,,False
