split,budget,policy,downstream_pearson,cost
0,40,uniform,0.24121883717444637,9760.0
0,40,probe(dev-fitted),0.23806245106599916,9760.0
0,40,est_norm,0.2376462442064377,9760.0
0,40,half_split_r,0.23843616860085093,9760.0
0,40,noise_ratio,0.23529825448866082,9760.0
0,40,prior_typiclust,0.23955698193664113,9760.0
0,40,random,0.23748078138589346,9760.0
0,40,oracle_mean_r,0.2389625869607424,9760.0
0,40,oracle_frac_ge_0.5,0.23768153088535918,9760.0
0,40,oracle_frac_ge_0.7,0.23690848103085482,9760.0
0,55,uniform,0.2440335311072591,13420.0
0,55,probe(dev-fitted),0.241594917877308,13420.0
0,55,est_norm,0.24193884926597975,13420.0
0,55,half_split_r,0.24116448355155143,13420.0
0,55,noise_ratio,0.23831259683109887,13420.0
0,55,prior_typiclust,0.24553515794149117,13420.0
0,55,random,0.24052372530457156,13420.0
0,55,oracle_mean_r,0.24228873898530726,13420.0
0,55,oracle_frac_ge_0.5,0.24177187642439218,13420.0
0,55,oracle_frac_ge_0.7,0.24105559205984448,13420.0
0,70,uniform,0.24659032374346612,17080.0
0,70,probe(dev-fitted),0.24356659354583315,17080.0
0,70,est_norm,0.24540595291168976,17080.0
0,70,half_split_r,0.24503960597820126,17080.0
0,70,noise_ratio,0.24239693431798137,17080.0
0,70,prior_typiclust,0.24842023787794287,17080.0
0,70,random,0.24384646700376258,17080.0
0,70,oracle_mean_r,0.24487330194858398,17080.0
0,70,oracle_frac_ge_0.5,0.24317214068172185,17080.0
0,70,oracle_frac_ge_0.7,0.24327504294478033,17080.0
0,90,uniform,0.24851405164397478,21960.0
0,90,probe(dev-fitted),0.24833017236963556,21960.0
0,90,est_norm,0.2484017342355399,21960.0
0,90,half_split_r,0.24867777403232907,21960.0
0,90,noise_ratio,0.2446222907836153,21960.0
0,90,prior_typiclust,0.2489551704990149,21960.0
0,90,random,0.2477735475673849,21960.0
0,90,oracle_mean_r,0.24784685631859382,21960.0
0,90,oracle_frac_ge_0.5,0.24444995780562095,21960.0
0,90,oracle_frac_ge_0.7,0.24572861676145746,21960.0
1,40,uniform,0.23771234280899406,9760.0
1,40,probe(dev-fitted),0.23438598767975108,9760.0
1,40,est_norm,0.2359749598996351,9760.0
1,40,half_split_r,0.23627314909825664,9760.0
1,40,noise_ratio,0.23065501374194974,9760.0
1,40,prior_typiclust,0.23905670625558778,9760.0
1,40,random,0.23494257295747822,9760.0
1,40,oracle_mean_r,0.2347869876704664,9760.0
1,40,oracle_frac_ge_0.5,0.23338759271703005,9760.0
1,40,oracle_frac_ge_0.7,0.23387228172826893,9760.0
1,55,uniform,0.24279749804987844,13420.0
1,55,probe(dev-fitted),0.24011856104342727,13420.0
1,55,est_norm,0.2404434319889813,13420.0
1,55,half_split_r,0.2405990180645918,13420.0
1,55,noise_ratio,0.23334932554694415,13420.0
1,55,prior_typiclust,0.24522406157515605,13420.0
1,55,random,0.23900022898855944,13420.0
1,55,oracle_mean_r,0.23867661583490807,13420.0
1,55,oracle_frac_ge_0.5,0.2392577130591141,13420.0
1,55,oracle_frac_ge_0.7,0.2395580776761143,13420.0
1,70,uniform,0.2457744896296863,17080.0
1,70,probe(dev-fitted),0.24442172034001625,17080.0
1,70,est_norm,0.24586484317570695,17080.0
1,70,half_split_r,0.24519507505005836,17080.0
1,70,noise_ratio,0.23746877991180393,17080.0
1,70,prior_typiclust,0.24705809441836274,17080.0
1,70,random,0.24235551999362756,17080.0
1,70,oracle_mean_r,0.2430789270134283,17080.0
1,70,oracle_frac_ge_0.5,0.2433584838409859,17080.0
1,70,oracle_frac_ge_0.7,0.24299030327531085,17080.0
1,90,uniform,0.24867998105545666,21960.0
1,90,probe(dev-fitted),0.24839542850864274,21960.0
1,90,est_norm,0.24915305653828276,21960.0
1,90,half_split_r,0.24806181297977567,21960.0
1,90,noise_ratio,0.24504321760595757,21960.0
1,90,prior_typiclust,0.24896631389097115,21960.0
1,90,random,0.24765460265518144,21960.0
1,90,oracle_mean_r,0.24813654893845194,21960.0
1,90,oracle_frac_ge_0.5,0.24729633753148328,21960.0
1,90,oracle_frac_ge_0.7,0.24763843743044917,21960.0
2,40,uniform,0.23931166207718835,9760.0
2,40,probe(dev-fitted),0.23570247104389133,9760.0
2,40,est_norm,0.23826422826676158,9760.0
2,40,half_split_r,0.23755586881955829,9760.0
2,40,noise_ratio,0.23429850915571884,9760.0
2,40,prior_typiclust,0.23817424838394466,9760.0
2,40,random,0.23391539354539506,9760.0
2,40,oracle_mean_r,0.2349855531296196,9760.0
2,40,oracle_frac_ge_0.5,0.23597438216741629,9760.0
2,40,oracle_frac_ge_0.7,0.23539366270155085,9760.0
2,55,uniform,0.24195554992798785,13420.0
2,55,probe(dev-fitted),0.23796567090080278,13420.0
2,55,est_norm,0.24072242602773022,13420.0
2,55,half_split_r,0.2408022624208477,13420.0
2,55,noise_ratio,0.2361246472310379,13420.0
2,55,prior_typiclust,0.24341546974506492,13420.0
2,55,random,0.2361980562208587,13420.0
2,55,oracle_mean_r,0.23917299436816536,13420.0
2,55,oracle_frac_ge_0.5,0.2366691682709815,13420.0
2,55,oracle_frac_ge_0.7,0.23796988149997703,13420.0
2,70,uniform,0.24428368367160888,17080.0
2,70,probe(dev-fitted),0.24013676270353593,17080.0
2,70,est_norm,0.24280780260760879,17080.0
2,70,half_split_r,0.24219406435909754,17080.0
2,70,noise_ratio,0.2385142002104128,17080.0
2,70,prior_typiclust,0.24476746126195828,17080.0
2,70,random,0.23856526531585054,17080.0
2,70,oracle_mean_r,0.2408604564682876,17080.0
2,70,oracle_frac_ge_0.5,0.24001762416776773,17080.0
2,70,oracle_frac_ge_0.7,0.24052746132281816,17080.0
2,90,uniform,0.24627991871884197,21960.0
2,90,probe(dev-fitted),0.24312378089886877,21960.0
2,90,est_norm,0.24521985322358225,21960.0
2,90,half_split_r,0.24583594953345483,21960.0
2,90,noise_ratio,0.24227247956942274,21960.0
2,90,prior_typiclust,0.2463284483867064,21960.0
2,90,random,0.24489011864845195,21960.0
2,90,oracle_mean_r,0.24585869004040056,21960.0
2,90,oracle_frac_ge_0.5,0.24546318124103447,21960.0
2,90,oracle_frac_ge_0.7,0.24502615135609213,21960.0
3,40,uniform,0.24224232100849505,9760.0
3,40,probe(dev-fitted),0.23815204266843776,9760.0
3,40,est_norm,0.24361226909985734,9760.0
3,40,half_split_r,0.243610498143891,9760.0
3,40,noise_ratio,0.23611501477389227,9760.0
3,40,prior_typiclust,0.2422186157258448,9760.0
3,40,random,0.23779564876779485,9760.0
3,40,oracle_mean_r,0.23971194715554625,9760.0
3,40,oracle_frac_ge_0.5,0.23944230693874538,9760.0
3,40,oracle_frac_ge_0.7,0.23862885648910598,9760.0
3,55,uniform,0.2458742189954978,13420.0
3,55,probe(dev-fitted),0.24088737735748203,13420.0
3,55,est_norm,0.2469824252776785,13420.0
3,55,half_split_r,0.2469792381974728,13420.0
3,55,noise_ratio,0.23719507488453062,13420.0
3,55,prior_typiclust,0.24767282886167966,13420.0
3,55,random,0.2420099149119309,13420.0
3,55,oracle_mean_r,0.24161040261940261,13420.0
3,55,oracle_frac_ge_0.5,0.24201350312234474,13420.0
3,55,oracle_frac_ge_0.7,0.241177108445641,13420.0
3,70,uniform,0.24827528404820515,17080.0
3,70,probe(dev-fitted),0.2443471023752385,17080.0
3,70,est_norm,0.24898662630626248,17080.0
3,70,half_split_r,0.24800224726490824,17080.0
3,70,noise_ratio,0.23974728435727063,17080.0
3,70,prior_typiclust,0.24885615365136715,17080.0
3,70,random,0.24428392805485546,17080.0
3,70,oracle_mean_r,0.24567247325174865,17080.0
3,70,oracle_frac_ge_0.5,0.24369839203283855,17080.0
3,70,oracle_frac_ge_0.7,0.24360054764648031,17080.0
3,90,uniform,0.24893049561214273,21960.0
3,90,probe(dev-fitted),0.24876267518696843,21960.0
3,90,est_norm,0.2507808974849983,21960.0
3,90,half_split_r,0.24951563413928896,21960.0
3,90,noise_ratio,0.24444300304093056,21960.0
3,90,prior_typiclust,0.24921188958641596,21960.0
3,90,random,0.24698024338942076,21960.0
3,90,oracle_mean_r,0.2499120531832857,21960.0
3,90,oracle_frac_ge_0.5,0.24605188335656109,21960.0
3,90,oracle_frac_ge_0.7,0.24626575460304842,21960.0
4,40,uniform,0.23279698658326933,9760.0
4,40,probe(dev-fitted),0.23257371791695974,9760.0
4,40,est_norm,0.23240867002948565,9760.0
4,40,half_split_r,0.23166599449422315,9760.0
4,40,noise_ratio,0.22878329646816326,9760.0
4,40,prior_typiclust,0.23384981529233653,9760.0
4,40,random,0.23081694498088587,9760.0
4,40,oracle_mean_r,0.23111312566824935,9760.0
4,40,oracle_frac_ge_0.5,0.23167710700211075,9760.0
4,40,oracle_frac_ge_0.7,0.23165936917921393,9760.0
4,55,uniform,0.23611634268720244,13420.0
4,55,probe(dev-fitted),0.23510568169728663,13420.0
4,55,est_norm,0.23599351519513362,13420.0
4,55,half_split_r,0.23581545172280122,13420.0
4,55,noise_ratio,0.2311954412667361,13420.0
4,55,prior_typiclust,0.23864792194116508,13420.0
4,55,random,0.23228427969370524,13420.0
4,55,oracle_mean_r,0.2339086764130264,13420.0
4,55,oracle_frac_ge_0.5,0.2339430993004142,13420.0
4,55,oracle_frac_ge_0.7,0.2332527206524299,13420.0
4,70,uniform,0.2391837608658475,17080.0
4,70,probe(dev-fitted),0.23721371399244875,17080.0
4,70,est_norm,0.2384433269675354,17080.0
4,70,half_split_r,0.23819085748937957,17080.0
4,70,noise_ratio,0.2336601107526126,17080.0
4,70,prior_typiclust,0.2389546419274186,17080.0
4,70,random,0.23286766036447873,17080.0
4,70,oracle_mean_r,0.23678645469464016,17080.0
4,70,oracle_frac_ge_0.5,0.2344260573844766,17080.0
4,70,oracle_frac_ge_0.7,0.2364533651616787,17080.0
4,90,uniform,0.24110781344214133,21960.0
4,90,probe(dev-fitted),0.24004805027420054,21960.0
4,90,est_norm,0.24114556870253206,21960.0
4,90,half_split_r,0.24126418636497401,21960.0
4,90,noise_ratio,0.2383426720575708,21960.0
4,90,prior_typiclust,0.24077463020948137,21960.0
4,90,random,0.2374810812050089,21960.0
4,90,oracle_mean_r,0.24025417693531925,21960.0
4,90,oracle_frac_ge_0.5,0.23987510326549952,21960.0
4,90,oracle_frac_ge_0.7,0.24009507045506318,21960.0
5,40,uniform,0.2369525615964594,9760.0
5,40,probe(dev-fitted),0.23519829670563322,9760.0
5,40,est_norm,0.23732166825931866,9760.0
5,40,half_split_r,0.2365210407246549,9760.0
5,40,noise_ratio,0.23292870060595877,9760.0
5,40,prior_typiclust,0.23907950754119384,9760.0
5,40,random,0.2344545350644295,9760.0
5,40,oracle_mean_r,0.23447601023560743,9760.0
5,40,oracle_frac_ge_0.5,0.2349986749502156,9760.0
5,40,oracle_frac_ge_0.7,0.2346418742930644,9760.0
5,55,uniform,0.23955871363482217,13420.0
5,55,probe(dev-fitted),0.2382286863526174,13420.0
5,55,est_norm,0.24051828431750827,13420.0
5,55,half_split_r,0.24035195115793773,13420.0
5,55,noise_ratio,0.2341604810223145,13420.0
5,55,prior_typiclust,0.24203312756230133,13420.0
5,55,random,0.23622828386936248,13420.0
5,55,oracle_mean_r,0.2363791393003239,13420.0
5,55,oracle_frac_ge_0.5,0.23539272612139595,13420.0
5,55,oracle_frac_ge_0.7,0.23574108540553346,13420.0
5,70,uniform,0.24209487708159866,17080.0
5,70,probe(dev-fitted),0.23997619032015677,17080.0
5,70,est_norm,0.24221541464543767,17080.0
5,70,half_split_r,0.24171077116770093,17080.0
5,70,noise_ratio,0.23595727898416816,17080.0
5,70,prior_typiclust,0.24429061726599113,17080.0
5,70,random,0.23823330553963473,17080.0
5,70,oracle_mean_r,0.23939175299440366,17080.0
5,70,oracle_frac_ge_0.5,0.238306186483698,17080.0
5,70,oracle_frac_ge_0.7,0.2390120585517183,17080.0
5,90,uniform,0.24409444647039405,21960.0
5,90,probe(dev-fitted),0.24315316038420248,21960.0
5,90,est_norm,0.24407308161833252,21960.0
5,90,half_split_r,0.24375220543837464,21960.0
5,90,noise_ratio,0.23990246483664474,21960.0
5,90,prior_typiclust,0.24485139865993524,21960.0
5,90,random,0.24205700427171487,21960.0
5,90,oracle_mean_r,0.24361212716596609,21960.0
5,90,oracle_frac_ge_0.5,0.24148347982242455,21960.0
5,90,oracle_frac_ge_0.7,0.24256603533045923,21960.0
6,40,uniform,0.24331566075174924,9760.0
6,40,probe(dev-fitted),0.24045246889103808,9760.0
6,40,est_norm,0.24260636765064675,9760.0
6,40,half_split_r,0.24338461701441397,9760.0
6,40,noise_ratio,0.23710666172377465,9760.0
6,40,prior_typiclust,0.24515280890755428,9760.0
6,40,random,0.23835465006571308,9760.0
6,40,oracle_mean_r,0.23958602543968355,9760.0
6,40,oracle_frac_ge_0.5,0.2375819145163142,9760.0
6,40,oracle_frac_ge_0.7,0.23793902322539823,9760.0
6,55,uniform,0.24831788374322517,13420.0
6,55,probe(dev-fitted),0.24404594328563575,13420.0
6,55,est_norm,0.24647735017939912,13420.0
6,55,half_split_r,0.24690997052465527,13420.0
6,55,noise_ratio,0.23915438677168063,13420.0
6,55,prior_typiclust,0.24972683448331978,13420.0
6,55,random,0.24040991913030532,13420.0
6,55,oracle_mean_r,0.24311777925554243,13420.0
6,55,oracle_frac_ge_0.5,0.23933055102707443,13420.0
6,55,oracle_frac_ge_0.7,0.24093481212336237,13420.0
6,70,uniform,0.24943180798774836,17080.0
6,70,probe(dev-fitted),0.250158151703987,17080.0
6,70,est_norm,0.2499307501280538,17080.0
6,70,half_split_r,0.24808766382276445,17080.0
6,70,noise_ratio,0.24186217837638124,17080.0
6,70,prior_typiclust,0.2516652344714293,17080.0
6,70,random,0.24610221167326368,17080.0
6,70,oracle_mean_r,0.24593813932576744,17080.0
6,70,oracle_frac_ge_0.5,0.24206075303664423,17080.0
6,70,oracle_frac_ge_0.7,0.24307366014135515,17080.0
6,90,uniform,0.2532724670492583,21960.0
6,90,probe(dev-fitted),0.2531095178267644,21960.0
6,90,est_norm,0.2535777580349689,21960.0
6,90,half_split_r,0.25279450817483834,21960.0
6,90,noise_ratio,0.2465926280996836,21960.0
6,90,prior_typiclust,0.2535113195339652,21960.0
6,90,random,0.25198939977217394,21960.0
6,90,oracle_mean_r,0.25289564189596575,21960.0
6,90,oracle_frac_ge_0.5,0.24931852574285243,21960.0
6,90,oracle_frac_ge_0.7,0.2503100245901054,21960.0
7,40,uniform,0.23848712148894782,9760.0
7,40,probe(dev-fitted),0.23708068207312402,9760.0
7,40,est_norm,0.23932869188226769,9760.0
7,40,half_split_r,0.23849074895039785,9760.0
7,40,noise_ratio,0.23523078536605638,9760.0
7,40,prior_typiclust,0.23901612753126023,9760.0
7,40,random,0.23548016807761196,9760.0
7,40,oracle_mean_r,0.23502976928921687,9760.0
7,40,oracle_frac_ge_0.5,0.23675911366533867,9760.0
7,40,oracle_frac_ge_0.7,0.23677670657555694,9760.0
7,55,uniform,0.24143273161971543,13420.0
7,55,probe(dev-fitted),0.24048916969308465,13420.0
7,55,est_norm,0.24101713154534565,13420.0
7,55,half_split_r,0.24158109696372318,13420.0
7,55,noise_ratio,0.23580088509344146,13420.0
7,55,prior_typiclust,0.24258815253150384,13420.0
7,55,random,0.23878608662927042,13420.0
7,55,oracle_mean_r,0.23747705410545755,13420.0
7,55,oracle_frac_ge_0.5,0.23891315015920925,13420.0
7,55,oracle_frac_ge_0.7,0.23823015059299876,13420.0
7,70,uniform,0.2427706759109818,17080.0
7,70,probe(dev-fitted),0.24126429024219753,17080.0
7,70,est_norm,0.24299002200290232,17080.0
7,70,half_split_r,0.24309727835141956,17080.0
7,70,noise_ratio,0.23724220049243214,17080.0
7,70,prior_typiclust,0.24356100513640325,17080.0
7,70,random,0.24049254026587918,17080.0
7,70,oracle_mean_r,0.23982075626650107,17080.0
7,70,oracle_frac_ge_0.5,0.24229595847035618,17080.0
7,70,oracle_frac_ge_0.7,0.2421911895947568,17080.0
7,90,uniform,0.2447348944683278,21960.0
7,90,probe(dev-fitted),0.24401098418547917,21960.0
7,90,est_norm,0.2435652702395482,21960.0
7,90,half_split_r,0.24463261213751614,21960.0
7,90,noise_ratio,0.2414466076182477,21960.0
7,90,prior_typiclust,0.24528319609945146,21960.0
7,90,random,0.24346431912461047,21960.0
7,90,oracle_mean_r,0.2443511530348664,21960.0
7,90,oracle_frac_ge_0.5,0.24505823799231358,21960.0
7,90,oracle_frac_ge_0.7,0.24467739421586074,21960.0
8,40,uniform,0.24515888700162092,9760.0
8,40,probe(dev-fitted),0.24497358553654303,9760.0
8,40,est_norm,0.24406358134273407,9760.0
8,40,half_split_r,0.2448928234156559,9760.0
8,40,noise_ratio,0.24024518057734764,9760.0
8,40,prior_typiclust,0.24398676296662444,9760.0
8,40,random,0.24246056169819089,9760.0
8,40,oracle_mean_r,0.24264654494035853,9760.0
8,40,oracle_frac_ge_0.5,0.24151227947592846,9760.0
8,40,oracle_frac_ge_0.7,0.24414906245750237,9760.0
8,55,uniform,0.24980076264981071,13420.0
8,55,probe(dev-fitted),0.24811888305558746,13420.0
8,55,est_norm,0.24774131036101163,13420.0
8,55,half_split_r,0.24737222410226412,13420.0
8,55,noise_ratio,0.24106467884210328,13420.0
8,55,prior_typiclust,0.2502570782630968,13420.0
8,55,random,0.2442783516377926,13420.0
8,55,oracle_mean_r,0.24548478058457918,13420.0
8,55,oracle_frac_ge_0.5,0.24587888958181195,13420.0
8,55,oracle_frac_ge_0.7,0.24584699736549606,13420.0
8,70,uniform,0.2509408305800364,17080.0
8,70,probe(dev-fitted),0.24992477669252455,17080.0
8,70,est_norm,0.25010198897115377,17080.0
8,70,half_split_r,0.2502435206115898,17080.0
8,70,noise_ratio,0.2441313722261652,17080.0
8,70,prior_typiclust,0.2514011401134764,17080.0
8,70,random,0.24579365055971616,17080.0
8,70,oracle_mean_r,0.24992530864475448,17080.0
8,70,oracle_frac_ge_0.5,0.24866225739197176,17080.0
8,70,oracle_frac_ge_0.7,0.24851632240745858,17080.0
8,90,uniform,0.25221542867230345,21960.0
8,90,probe(dev-fitted),0.2512838933605432,21960.0
8,90,est_norm,0.2521308619029979,21960.0
8,90,half_split_r,0.2529269095153739,21960.0
8,90,noise_ratio,0.24920134296372967,21960.0
8,90,prior_typiclust,0.2513795238796243,21960.0
8,90,random,0.2505267987964193,21960.0
8,90,oracle_mean_r,0.25192206208095036,21960.0
8,90,oracle_frac_ge_0.5,0.2517390050344921,21960.0
8,90,oracle_frac_ge_0.7,0.25139776026206867,21960.0
9,40,uniform,0.230352297930909,9760.0
9,40,probe(dev-fitted),0.22472533574990686,9760.0
9,40,est_norm,0.2284399926951749,9760.0
9,40,half_split_r,0.22904345791387956,9760.0
9,40,noise_ratio,0.2252255121918887,9760.0
9,40,prior_typiclust,0.23022450356468846,9760.0
9,40,random,0.22728802801035106,9760.0
9,40,oracle_mean_r,0.22742299292667034,9760.0
9,40,oracle_frac_ge_0.5,0.22771340478491894,9760.0
9,40,oracle_frac_ge_0.7,0.22645307500231085,9760.0
9,55,uniform,0.23335903601322575,13420.0
9,55,probe(dev-fitted),0.2270525462193855,13420.0
9,55,est_norm,0.231177103763835,13420.0
9,55,half_split_r,0.2307302671379352,13420.0
9,55,noise_ratio,0.22709806571202468,13420.0
9,55,prior_typiclust,0.23524369133821565,13420.0
9,55,random,0.23079850166674595,13420.0
9,55,oracle_mean_r,0.23006099231726712,13420.0
9,55,oracle_frac_ge_0.5,0.22909148739528887,13420.0
9,55,oracle_frac_ge_0.7,0.22833676954016213,13420.0
9,70,uniform,0.23530731080121065,17080.0
9,70,probe(dev-fitted),0.23081819796598246,17080.0
9,70,est_norm,0.23316391228368688,17080.0
9,70,half_split_r,0.2342915921493154,17080.0
9,70,noise_ratio,0.23056173230996801,17080.0
9,70,prior_typiclust,0.23570748637401934,17080.0
9,70,random,0.2320835672655833,17080.0
9,70,oracle_mean_r,0.23247998719195428,17080.0
9,70,oracle_frac_ge_0.5,0.2324547273915632,17080.0
9,70,oracle_frac_ge_0.7,0.2311637613273495,17080.0
9,90,uniform,0.2366248995318095,21960.0
9,90,probe(dev-fitted),0.2350104504501747,21960.0
9,90,est_norm,0.23627430046222378,21960.0
9,90,half_split_r,0.23659317860666554,21960.0
9,90,noise_ratio,0.2329578127482243,21960.0
9,90,prior_typiclust,0.237181976542508,21960.0
9,90,random,0.23504494977477536,21960.0
9,90,oracle_mean_r,0.2372317854099554,21960.0
9,90,oracle_frac_ge_0.5,0.2359681561323401,21960.0
9,90,oracle_frac_ge_0.7,0.23532300150027863,21960.0
