avg_budget,d_shallow,d_deep,k_deep,rule,objective,value
25.0,25,50,0,uniform,mean_r,0.385169788761951
25.0,25,50,0,uniform,frac_r_ge_0.5,0.3829268292682927
25.0,25,50,0,uniform,frac_r_ge_0.7,0.21341463414634146
25.0,25,50,0,oracle,mean_r,0.385169788761951
25.0,25,50,0,oracle,frac_r_ge_0.5,0.3829268292682927
25.0,25,50,0,oracle,frac_r_ge_0.7,0.21341463414634146
25.0,25,50,0,probe,mean_r,0.385169788761951
25.0,25,50,0,probe,frac_r_ge_0.5,0.3829268292682927
25.0,25,50,0,probe,frac_r_ge_0.7,0.21341463414634146
25.0,25,50,0,est_norm,mean_r,0.385169788761951
25.0,25,50,0,est_norm,frac_r_ge_0.5,0.3829268292682927
25.0,25,50,0,est_norm,frac_r_ge_0.7,0.21341463414634146
25.0,25,50,0,half_split_r,mean_r,0.385169788761951
25.0,25,50,0,half_split_r,frac_r_ge_0.5,0.3829268292682927
25.0,25,50,0,half_split_r,frac_r_ge_0.7,0.21341463414634146
25.0,25,50,0,random,mean_r,0.385169788761951
25.0,25,50,0,random,frac_r_ge_0.5,0.3829268292682927
25.0,25,50,0,random,frac_r_ge_0.7,0.21341463414634146
37.5,25,50,410,uniform,mean_r,0.385169788761951
37.5,25,50,410,uniform,frac_r_ge_0.5,0.3829268292682927
37.5,25,50,410,uniform,frac_r_ge_0.7,0.21341463414634146
37.5,25,50,410,oracle,mean_r,0.42986639260367426
37.5,25,50,410,oracle,frac_r_ge_0.5,0.4451219512195122
37.5,25,50,410,oracle,frac_r_ge_0.7,0.29634146341463413
37.5,25,50,410,probe,mean_r,0.4234991030446453
37.5,25,50,410,probe,frac_r_ge_0.5,0.44146341463414634
37.5,25,50,410,probe,frac_r_ge_0.7,0.3048780487804878
37.5,25,50,410,est_norm,mean_r,0.4207783520637731
37.5,25,50,410,est_norm,frac_r_ge_0.5,0.4292682926829268
37.5,25,50,410,est_norm,frac_r_ge_0.7,0.30365853658536585
37.5,25,50,410,half_split_r,mean_r,0.4218844937520002
37.5,25,50,410,half_split_r,frac_r_ge_0.5,0.4292682926829268
37.5,25,50,410,half_split_r,frac_r_ge_0.7,0.30365853658536585
37.5,25,50,410,random,mean_r,0.413245252173746
37.5,25,50,410,random,frac_r_ge_0.5,0.41341463414634144
37.5,25,50,410,random,frac_r_ge_0.7,0.2573170731707317
50.0,50,100,0,uniform,mean_r,0.44060954740606956
50.0,50,100,0,uniform,frac_r_ge_0.5,0.4451219512195122
50.0,50,100,0,uniform,frac_r_ge_0.7,0.3048780487804878
50.0,50,100,0,oracle,mean_r,0.44060954740606956
50.0,50,100,0,oracle,frac_r_ge_0.5,0.4451219512195122
50.0,50,100,0,oracle,frac_r_ge_0.7,0.3048780487804878
50.0,50,100,0,probe,mean_r,0.44060954740606956
50.0,50,100,0,probe,frac_r_ge_0.5,0.4451219512195122
50.0,50,100,0,probe,frac_r_ge_0.7,0.3048780487804878
50.0,50,100,0,est_norm,mean_r,0.44060954740606956
50.0,50,100,0,est_norm,frac_r_ge_0.5,0.4451219512195122
50.0,50,100,0,est_norm,frac_r_ge_0.7,0.3048780487804878
50.0,50,100,0,half_split_r,mean_r,0.44060954740606956
50.0,50,100,0,half_split_r,frac_r_ge_0.5,0.4451219512195122
50.0,50,100,0,half_split_r,frac_r_ge_0.7,0.3048780487804878
50.0,50,100,0,random,mean_r,0.44060954740606956
50.0,50,100,0,random,frac_r_ge_0.5,0.4451219512195122
50.0,50,100,0,random,frac_r_ge_0.7,0.3048780487804878
62.5,50,100,205,uniform,mean_r,0.44060954740606956
62.5,50,100,205,uniform,frac_r_ge_0.5,0.4451219512195122
62.5,50,100,205,uniform,frac_r_ge_0.7,0.3048780487804878
62.5,50,100,205,oracle,mean_r,0.46223801806383935
62.5,50,100,205,oracle,frac_r_ge_0.5,0.4817073170731707
62.5,50,100,205,oracle,frac_r_ge_0.7,0.3329268292682927
62.5,50,100,205,probe,mean_r,0.45550544504144885
62.5,50,100,205,probe,frac_r_ge_0.5,0.4585365853658537
62.5,50,100,205,probe,frac_r_ge_0.7,0.3426829268292683
62.5,50,100,205,est_norm,mean_r,0.45009239541077795
62.5,50,100,205,est_norm,frac_r_ge_0.5,0.4451219512195122
62.5,50,100,205,est_norm,frac_r_ge_0.7,0.31341463414634146
62.5,50,100,205,half_split_r,mean_r,0.45016135748566627
62.5,50,100,205,half_split_r,frac_r_ge_0.5,0.4451219512195122
62.5,50,100,205,half_split_r,frac_r_ge_0.7,0.3097560975609756
62.5,50,100,205,random,mean_r,0.45292186367596193
62.5,50,100,205,random,frac_r_ge_0.5,0.4560975609756098
62.5,50,100,205,random,frac_r_ge_0.7,0.3121951219512195
75.0,50,100,410,uniform,mean_r,0.44060954740606956
75.0,50,100,410,uniform,frac_r_ge_0.5,0.4451219512195122
75.0,50,100,410,uniform,frac_r_ge_0.7,0.3048780487804878
75.0,50,100,410,oracle,mean_r,0.47644463645268004
75.0,50,100,410,oracle,frac_r_ge_0.5,0.4951219512195122
75.0,50,100,410,oracle,frac_r_ge_0.7,0.3475609756097561
75.0,50,100,410,probe,mean_r,0.47002070666408036
75.0,50,100,410,probe,frac_r_ge_0.5,0.4902439024390244
75.0,50,100,410,probe,frac_r_ge_0.7,0.3548780487804878
75.0,50,100,410,est_norm,mean_r,0.4665979881192344
75.0,50,100,410,est_norm,frac_r_ge_0.5,0.47317073170731705
75.0,50,100,410,est_norm,frac_r_ge_0.7,0.3524390243902439
75.0,50,100,410,half_split_r,mean_r,0.46596172874477193
75.0,50,100,410,half_split_r,frac_r_ge_0.5,0.48048780487804876
75.0,50,100,410,half_split_r,frac_r_ge_0.7,0.35365853658536583
75.0,50,100,410,random,mean_r,0.464240227625099
75.0,50,100,410,random,frac_r_ge_0.5,0.47073170731707314
75.0,50,100,410,random,frac_r_ge_0.7,0.3329268292682927
100.0,100,150,0,uniform,mean_r,0.4882121293999996
100.0,100,150,0,uniform,frac_r_ge_0.5,0.5024390243902439
100.0,100,150,0,uniform,frac_r_ge_0.7,0.3548780487804878
100.0,100,150,0,oracle,mean_r,0.4882121293999996
100.0,100,150,0,oracle,frac_r_ge_0.5,0.5024390243902439
100.0,100,150,0,oracle,frac_r_ge_0.7,0.3548780487804878
100.0,100,150,0,probe,mean_r,0.4882121293999996
100.0,100,150,0,probe,frac_r_ge_0.5,0.5024390243902439
100.0,100,150,0,probe,frac_r_ge_0.7,0.3548780487804878
100.0,100,150,0,est_norm,mean_r,0.4882121293999996
100.0,100,150,0,est_norm,frac_r_ge_0.5,0.5024390243902439
100.0,100,150,0,est_norm,frac_r_ge_0.7,0.3548780487804878
100.0,100,150,0,half_split_r,mean_r,0.4882121293999996
100.0,100,150,0,half_split_r,frac_r_ge_0.5,0.5024390243902439
100.0,100,150,0,half_split_r,frac_r_ge_0.7,0.3548780487804878
100.0,100,150,0,random,mean_r,0.4882121293999996
100.0,100,150,0,random,frac_r_ge_0.5,0.5024390243902439
100.0,100,150,0,random,frac_r_ge_0.7,0.3548780487804878
